id,token_address,symbol,pair_id,ten_x_score,risk_adjusted_10x_score,manipulation_risk_score,horizon,return_pct,failure_reasons,diagnosis_text,created_at
10468,0xB6da3DbCBEDE77060bd6Ee8aBC75fF9cB75EAB07,Reactor,base:0x975207b608bb426a1fa2627982fd26487dfef8be9fb7fd4e9fc509323bf3e54a,81.0,56.0,25.0,24h,-91.17161716171617,"[""Liquidity drop failure"",""Volume fade failure"",""Timing failure"",""No-buyer-continuation failure""]","High 10x score failed. Inspect overextension, timing, volume fade, liquidity drop, manipulation risk, or lack of buyer continuation.",2026-05-16T04:04:29+00:00
10467,0xB6da3DbCBEDE77060bd6Ee8aBC75fF9cB75EAB07,Reactor,base:0x975207b608bb426a1fa2627982fd26487dfef8be9fb7fd4e9fc509323bf3e54a,81.0,56.0,25.0,4h,-91.17161716171617,"[""Liquidity drop failure"",""Volume fade failure"",""Timing failure"",""No-buyer-continuation failure""]","High 10x score failed. Inspect overextension, timing, volume fade, liquidity drop, manipulation risk, or lack of buyer continuation.",2026-05-16T04:04:29+00:00
10466,0xB6da3DbCBEDE77060bd6Ee8aBC75fF9cB75EAB07,Reactor,base:0x975207b608bb426a1fa2627982fd26487dfef8be9fb7fd4e9fc509323bf3e54a,81.0,56.0,25.0,1h,-91.17161716171617,"[""Liquidity drop failure"",""Volume fade failure"",""Timing failure"",""No-buyer-continuation failure""]","High 10x score failed. Inspect overextension, timing, volume fade, liquidity drop, manipulation risk, or lack of buyer continuation.",2026-05-16T04:04:29+00:00
10465,0xB6da3DbCBEDE77060bd6Ee8aBC75fF9cB75EAB07,Reactor,base:0x975207b608bb426a1fa2627982fd26487dfef8be9fb7fd4e9fc509323bf3e54a,81.0,56.0,25.0,15m,-91.17161716171617,"[""Liquidity drop failure"",""Volume fade failure"",""Timing failure"",""No-buyer-continuation failure""]","High 10x score failed. Inspect overextension, timing, volume fade, liquidity drop, manipulation risk, or lack of buyer continuation.",2026-05-16T04:04:29+00:00
10464,0x22aaB1803d9B5ED57c4E34090884867F5fdaFbb7,GACHA,base:0x2331812ae8a2aa0b93d84635b7367fa24515b031cef3059a30ac2adee7266b1a,80.0,80.0,0.0,24h,-40.89320388349515,"[""Volume fade failure"",""Timing failure""]","High 10x score failed. Inspect overextension, timing, volume fade, liquidity drop, manipulation risk, or lack of buyer continuation.",2026-05-16T04:04:29+00:00
10463,0x22aaB1803d9B5ED57c4E34090884867F5fdaFbb7,GACHA,base:0x2331812ae8a2aa0b93d84635b7367fa24515b031cef3059a30ac2adee7266b1a,80.0,80.0,0.0,4h,-40.89320388349515,"[""Volume fade failure"",""Timing failure""]","High 10x score failed. Inspect overextension, timing, volume fade, liquidity drop, manipulation risk, or lack of buyer continuation.",2026-05-16T04:04:29+00:00
10462,0x22aaB1803d9B5ED57c4E34090884867F5fdaFbb7,GACHA,base:0x2331812ae8a2aa0b93d84635b7367fa24515b031cef3059a30ac2adee7266b1a,80.0,80.0,0.0,1h,-40.89320388349515,"[""Volume fade failure"",""Timing failure""]","High 10x score failed. Inspect overextension, timing, volume fade, liquidity drop, manipulation risk, or lack of buyer continuation.",2026-05-16T04:04:29+00:00
10461,0x22aaB1803d9B5ED57c4E34090884867F5fdaFbb7,GACHA,base:0x2331812ae8a2aa0b93d84635b7367fa24515b031cef3059a30ac2adee7266b1a,80.0,80.0,0.0,15m,-40.89320388349515,"[""Volume fade failure"",""Timing failure""]","High 10x score failed. Inspect overextension, timing, volume fade, liquidity drop, manipulation risk, or lack of buyer continuation.",2026-05-16T04:04:29+00:00
10460,0xB6da3DbCBEDE77060bd6Ee8aBC75fF9cB75EAB07,Reactor,base:0x975207b608bb426a1fa2627982fd26487dfef8be9fb7fd4e9fc509323bf3e54a,81.0,56.0,25.0,8h,-91.1001100110011,"[""Liquidity drop failure"",""Volume fade failure"",""Timing failure"",""No-buyer-continuation failure""]","High 10x score failed. Inspect overextension, timing, volume fade, liquidity drop, manipulation risk, or lack of buyer continuation.",2026-05-16T04:04:29+00:00
10459,0xB6da3DbCBEDE77060bd6Ee8aBC75fF9cB75EAB07,Reactor,base:0x975207b608bb426a1fa2627982fd26487dfef8be9fb7fd4e9fc509323bf3e54a,81.0,56.0,25.0,2h,-91.1001100110011,"[""Liquidity drop failure"",""Volume fade failure"",""Timing failure"",""No-buyer-continuation failure""]","High 10x score failed. Inspect overextension, timing, volume fade, liquidity drop, manipulation risk, or lack of buyer continuation.",2026-05-16T04:04:29+00:00
10458,0xB6da3DbCBEDE77060bd6Ee8aBC75fF9cB75EAB07,Reactor,base:0x975207b608bb426a1fa2627982fd26487dfef8be9fb7fd4e9fc509323bf3e54a,81.0,56.0,25.0,30m,-91.1001100110011,"[""Liquidity drop failure"",""Volume fade failure"",""Timing failure"",""No-buyer-continuation failure""]","High 10x score failed. Inspect overextension, timing, volume fade, liquidity drop, manipulation risk, or lack of buyer continuation.",2026-05-16T04:04:29+00:00
10457,0x22aaB1803d9B5ED57c4E34090884867F5fdaFbb7,GACHA,base:0x2331812ae8a2aa0b93d84635b7367fa24515b031cef3059a30ac2adee7266b1a,80.0,80.0,0.0,8h,-47.68932038834951,"[""Liquidity drop failure"",""Volume fade failure"",""Timing failure""]","High 10x score failed. Inspect overextension, timing, volume fade, liquidity drop, manipulation risk, or lack of buyer continuation.",2026-05-16T04:04:29+00:00
10456,0x22aaB1803d9B5ED57c4E34090884867F5fdaFbb7,GACHA,base:0x2331812ae8a2aa0b93d84635b7367fa24515b031cef3059a30ac2adee7266b1a,80.0,80.0,0.0,2h,-47.68932038834951,"[""Liquidity drop failure"",""Volume fade failure"",""Timing failure""]","High 10x score failed. Inspect overextension, timing, volume fade, liquidity drop, manipulation risk, or lack of buyer continuation.",2026-05-16T04:04:29+00:00
10455,0x22aaB1803d9B5ED57c4E34090884867F5fdaFbb7,GACHA,base:0x2331812ae8a2aa0b93d84635b7367fa24515b031cef3059a30ac2adee7266b1a,80.0,80.0,0.0,30m,-47.68932038834951,"[""Liquidity drop failure"",""Volume fade failure"",""Timing failure""]","High 10x score failed. Inspect overextension, timing, volume fade, liquidity drop, manipulation risk, or lack of buyer continuation.",2026-05-16T04:04:29+00:00
10454,0x8f9e7ce623e99C789dc01579a42522CF9077CC8a,RoboX,base:0x348b81863531ce001a9ee8b5d4d0230f76314cc7ef9e89aa63dee9b50b1cd333,81.0,56.0,25.0,30m,-45.08474576271186,"[""Overextension failure"",""Timing failure""]","High 10x score failed. Inspect overextension, timing, volume fade, liquidity drop, manipulation risk, or lack of buyer continuation.",2026-05-16T04:04:29+00:00
10453,0x8f9e7ce623e99C789dc01579a42522CF9077CC8a,RoboX,base:0x348b81863531ce001a9ee8b5d4d0230f76314cc7ef9e89aa63dee9b50b1cd333,81.0,56.0,25.0,15m,-45.08474576271186,"[""Overextension failure"",""Timing failure""]","High 10x score failed. Inspect overextension, timing, volume fade, liquidity drop, manipulation risk, or lack of buyer continuation.",2026-05-16T04:04:29+00:00
10452,0xf41FaaCdD6b1D0Db127Ec16572B1CAC861F75544,bLend,base:0xad69cf15d7b9645ed79c87434e33b81a81b27ee6bece8c813ada2fbd39bc0824,95.0,70.0,25.0,1h,-74.25122749590834,"[""Overextension failure"",""Liquidity drop failure"",""Timing failure""]","High 10x score failed. Inspect overextension, timing, volume fade, liquidity drop, manipulation risk, or lack of buyer continuation.",2026-05-16T04:04:29+00:00
10451,0xf41FaaCdD6b1D0Db127Ec16572B1CAC861F75544,bLend,base:0xad69cf15d7b9645ed79c87434e33b81a81b27ee6bece8c813ada2fbd39bc0824,95.0,70.0,25.0,30m,-74.25122749590834,"[""Overextension failure"",""Liquidity drop failure"",""Timing failure""]","High 10x score failed. Inspect overextension, timing, volume fade, liquidity drop, manipulation risk, or lack of buyer continuation.",2026-05-16T04:04:29+00:00
10450,0xf41FaaCdD6b1D0Db127Ec16572B1CAC861F75544,bLend,base:0xad69cf15d7b9645ed79c87434e33b81a81b27ee6bece8c813ada2fbd39bc0824,95.0,70.0,25.0,15m,-74.25122749590834,"[""Overextension failure"",""Liquidity drop failure"",""Timing failure""]","High 10x score failed. Inspect overextension, timing, volume fade, liquidity drop, manipulation risk, or lack of buyer continuation.",2026-05-16T04:04:29+00:00
10449,0xf41FaaCdD6b1D0Db127Ec16572B1CAC861F75544,bLend,base:0xad69cf15d7b9645ed79c87434e33b81a81b27ee6bece8c813ada2fbd39bc0824,95.0,70.0,25.0,2h,-75.2986906710311,"[""Overextension failure"",""Liquidity drop failure"",""Timing failure""]","High 10x score failed. Inspect overextension, timing, volume fade, liquidity drop, manipulation risk, or lack of buyer continuation.",2026-05-16T04:04:29+00:00
10448,0x05A53C6153a9040Fbe58A2a106bC84577C34B422,LO0P,base:0x487172d556884571f3e9fed40b6d7f29f51ff3d8d4a0ad8b4805858b63a2b43c,100.0,100.0,0.0,15m,-37.69549952122566,"[""Timing failure""]","High 10x score failed. Inspect overextension, timing, volume fade, liquidity drop, manipulation risk, or lack of buyer continuation.",2026-05-16T04:04:29+00:00
10447,0x8f9e7ce623e99C789dc01579a42522CF9077CC8a,RoboX,base:0x348b81863531ce001a9ee8b5d4d0230f76314cc7ef9e89aa63dee9b50b1cd333,81.0,56.0,25.0,4h,-42.429378531073446,"[""Overextension failure"",""Timing failure""]","High 10x score failed. Inspect overextension, timing, volume fade, liquidity drop, manipulation risk, or lack of buyer continuation.",2026-05-16T04:04:29+00:00
10446,0x05A53C6153a9040Fbe58A2a106bC84577C34B422,LO0P,base:0x487172d556884571f3e9fed40b6d7f29f51ff3d8d4a0ad8b4805858b63a2b43c,100.0,100.0,0.0,1h,-37.631662942866264,"[""Timing failure""]","High 10x score failed. Inspect overextension, timing, volume fade, liquidity drop, manipulation risk, or lack of buyer continuation.",2026-05-16T04:04:29+00:00
10445,0x05A53C6153a9040Fbe58A2a106bC84577C34B422,LO0P,base:0x487172d556884571f3e9fed40b6d7f29f51ff3d8d4a0ad8b4805858b63a2b43c,100.0,100.0,0.0,30m,-37.631662942866264,"[""Timing failure""]","High 10x score failed. Inspect overextension, timing, volume fade, liquidity drop, manipulation risk, or lack of buyer continuation.",2026-05-16T04:04:29+00:00
10444,0xf41FaaCdD6b1D0Db127Ec16572B1CAC861F75544,bLend,base:0xad69cf15d7b9645ed79c87434e33b81a81b27ee6bece8c813ada2fbd39bc0824,95.0,70.0,25.0,4h,-76.96399345335516,"[""Overextension failure"",""Liquidity drop failure"",""Timing failure""]","High 10x score failed. Inspect overextension, timing, volume fade, liquidity drop, manipulation risk, or lack of buyer continuation.",2026-05-16T04:04:29+00:00
10443,0x05A53C6153a9040Fbe58A2a106bC84577C34B422,LO0P,base:0x487172d556884571f3e9fed40b6d7f29f51ff3d8d4a0ad8b4805858b63a2b43c,100.0,100.0,0.0,2h,-45.32397063517396,"[""Timing failure""]","High 10x score failed. Inspect overextension, timing, volume fade, liquidity drop, manipulation risk, or lack of buyer continuation.",2026-05-16T04:04:29+00:00
10442,0x05A53C6153a9040Fbe58A2a106bC84577C34B422,LO0P,base:0x487172d556884571f3e9fed40b6d7f29f51ff3d8d4a0ad8b4805858b63a2b43c,100.0,75.0,25.0,4h,-36.42410015649453,"[""Overextension failure"",""Timing failure""]","High 10x score failed. Inspect overextension, timing, volume fade, liquidity drop, manipulation risk, or lack of buyer continuation.",2026-05-16T04:04:29+00:00
10441,0x05A53C6153a9040Fbe58A2a106bC84577C34B422,LO0P,base:0x487172d556884571f3e9fed40b6d7f29f51ff3d8d4a0ad8b4805858b63a2b43c,100.0,100.0,0.0,4h,-41.94063198212575,"[""Timing failure""]","High 10x score failed. Inspect overextension, timing, volume fade, liquidity drop, manipulation risk, or lack of buyer continuation.",2026-05-16T04:04:29+00:00
10440,0x8f9e7ce623e99C789dc01579a42522CF9077CC8a,RoboX,base:0x348b81863531ce001a9ee8b5d4d0230f76314cc7ef9e89aa63dee9b50b1cd333,81.0,56.0,25.0,8h,-59.898305084745765,"[""Overextension failure"",""Liquidity drop failure"",""Timing failure""]","High 10x score failed. Inspect overextension, timing, volume fade, liquidity drop, manipulation risk, or lack of buyer continuation.",2026-05-16T04:04:29+00:00
10439,0xf41FaaCdD6b1D0Db127Ec16572B1CAC861F75544,bLend,base:0xad69cf15d7b9645ed79c87434e33b81a81b27ee6bece8c813ada2fbd39bc0824,95.0,70.0,25.0,8h,-55.196399345335514,"[""Overextension failure"",""Liquidity drop failure"",""Timing failure""]","High 10x score failed. Inspect overextension, timing, volume fade, liquidity drop, manipulation risk, or lack of buyer continuation.",2026-05-16T04:04:29+00:00
10438,0x05A53C6153a9040Fbe58A2a106bC84577C34B422,LO0P,base:0x487172d556884571f3e9fed40b6d7f29f51ff3d8d4a0ad8b4805858b63a2b43c,100.0,75.0,25.0,8h,-40.76682316118936,"[""Overextension failure"",""Timing failure""]","High 10x score failed. Inspect overextension, timing, volume fade, liquidity drop, manipulation risk, or lack of buyer continuation.",2026-05-16T04:04:29+00:00
10437,0x05A53C6153a9040Fbe58A2a106bC84577C34B422,LO0P,base:0x487172d556884571f3e9fed40b6d7f29f51ff3d8d4a0ad8b4805858b63a2b43c,100.0,75.0,25.0,8h,-92.40983083306735,"[""Liquidity drop failure"",""Timing failure""]","High 10x score failed. Inspect overextension, timing, volume fade, liquidity drop, manipulation risk, or lack of buyer continuation.",2026-05-16T04:04:29+00:00
10436,0x47647E481cB71D6b4475D6dd0065b34ce8Ca8844,jo,base:0x87e3456cdd8874c999569f6382b1901a5e468cc78c2609e6b4397fb92886e374,100.0,100.0,0.0,4h,-56.59962287869264,"[""Liquidity drop failure"",""Timing failure""]","High 10x score failed. Inspect overextension, timing, volume fade, liquidity drop, manipulation risk, or lack of buyer continuation.",2026-05-16T04:04:29+00:00
10435,0x47647E481cB71D6b4475D6dd0065b34ce8Ca8844,jo,base:0x87e3456cdd8874c999569f6382b1901a5e468cc78c2609e6b4397fb92886e374,100.0,100.0,0.0,2h,-56.59962287869264,"[""Liquidity drop failure"",""Timing failure""]","High 10x score failed. Inspect overextension, timing, volume fade, liquidity drop, manipulation risk, or lack of buyer continuation.",2026-05-16T04:04:29+00:00
10434,0x47647E481cB71D6b4475D6dd0065b34ce8Ca8844,jo,base:0x87e3456cdd8874c999569f6382b1901a5e468cc78c2609e6b4397fb92886e374,100.0,100.0,0.0,1h,-56.59962287869264,"[""Liquidity drop failure"",""Timing failure""]","High 10x score failed. Inspect overextension, timing, volume fade, liquidity drop, manipulation risk, or lack of buyer continuation.",2026-05-16T04:04:29+00:00
10433,0x47647E481cB71D6b4475D6dd0065b34ce8Ca8844,jo,base:0x87e3456cdd8874c999569f6382b1901a5e468cc78c2609e6b4397fb92886e374,100.0,100.0,0.0,30m,-56.59962287869264,"[""Liquidity drop failure"",""Timing failure""]","High 10x score failed. Inspect overextension, timing, volume fade, liquidity drop, manipulation risk, or lack of buyer continuation.",2026-05-16T04:04:29+00:00
10432,0x47647E481cB71D6b4475D6dd0065b34ce8Ca8844,jo,base:0x87e3456cdd8874c999569f6382b1901a5e468cc78c2609e6b4397fb92886e374,100.0,100.0,0.0,15m,-56.59962287869264,"[""Liquidity drop failure"",""Timing failure""]","High 10x score failed. Inspect overextension, timing, volume fade, liquidity drop, manipulation risk, or lack of buyer continuation.",2026-05-16T04:04:29+00:00
10431,0x47647E481cB71D6b4475D6dd0065b34ce8Ca8844,jo,base:0x87e3456cdd8874c999569f6382b1901a5e468cc78c2609e6b4397fb92886e374,84.0,39.0,45.0,4h,-40.72961373390558,"[""Overextension failure"",""Timing failure""]","High 10x score failed. Inspect overextension, timing, volume fade, liquidity drop, manipulation risk, or lack of buyer continuation.",2026-05-16T04:04:29+00:00
10430,0x47647E481cB71D6b4475D6dd0065b34ce8Ca8844,jo,base:0x87e3456cdd8874c999569f6382b1901a5e468cc78c2609e6b4397fb92886e374,84.0,39.0,45.0,2h,-40.72961373390558,"[""Overextension failure"",""Timing failure""]","High 10x score failed. Inspect overextension, timing, volume fade, liquidity drop, manipulation risk, or lack of buyer continuation.",2026-05-16T04:04:29+00:00
10429,0x47647E481cB71D6b4475D6dd0065b34ce8Ca8844,jo,base:0x87e3456cdd8874c999569f6382b1901a5e468cc78c2609e6b4397fb92886e374,84.0,39.0,45.0,1h,-40.72961373390558,"[""Overextension failure"",""Timing failure""]","High 10x score failed. Inspect overextension, timing, volume fade, liquidity drop, manipulation risk, or lack of buyer continuation.",2026-05-16T04:04:29+00:00
10428,0x2d296830975789E8C0Bf5bfCc9982D331A07DB07,KUVI,base:0x45724d20f2711c24065fe4fbc451438cbe680a17bb1703e9afd6b6fdea029947,80.0,30.0,50.0,4h,-95.29301075268816,"[""Overextension failure"",""Liquidity drop failure"",""Timing failure"",""No-buyer-continuation failure""]","High 10x score failed. Inspect overextension, timing, volume fade, liquidity drop, manipulation risk, or lack of buyer continuation.",2026-05-16T04:04:29+00:00
10427,0x2d296830975789E8C0Bf5bfCc9982D331A07DB07,KUVI,base:0x45724d20f2711c24065fe4fbc451438cbe680a17bb1703e9afd6b6fdea029947,80.0,30.0,50.0,2h,-95.29301075268816,"[""Overextension failure"",""Liquidity drop failure"",""Timing failure"",""No-buyer-continuation failure""]","High 10x score failed. Inspect overextension, timing, volume fade, liquidity drop, manipulation risk, or lack of buyer continuation.",2026-05-16T04:04:29+00:00
10426,0x2d296830975789E8C0Bf5bfCc9982D331A07DB07,KUVI,base:0x45724d20f2711c24065fe4fbc451438cbe680a17bb1703e9afd6b6fdea029947,80.0,30.0,50.0,1h,-95.29301075268816,"[""Overextension failure"",""Liquidity drop failure"",""Timing failure"",""No-buyer-continuation failure""]","High 10x score failed. Inspect overextension, timing, volume fade, liquidity drop, manipulation risk, or lack of buyer continuation.",2026-05-16T04:04:29+00:00
10425,0x2d296830975789E8C0Bf5bfCc9982D331A07DB07,KUVI,base:0x45724d20f2711c24065fe4fbc451438cbe680a17bb1703e9afd6b6fdea029947,80.0,30.0,50.0,30m,-95.29301075268816,"[""Overextension failure"",""Liquidity drop failure"",""Timing failure"",""No-buyer-continuation failure""]","High 10x score failed. Inspect overextension, timing, volume fade, liquidity drop, manipulation risk, or lack of buyer continuation.",2026-05-16T04:04:29+00:00
10424,0x2d296830975789E8C0Bf5bfCc9982D331A07DB07,KUVI,base:0x45724d20f2711c24065fe4fbc451438cbe680a17bb1703e9afd6b6fdea029947,80.0,30.0,50.0,15m,-95.29301075268816,"[""Overextension failure"",""Liquidity drop failure"",""Timing failure"",""No-buyer-continuation failure""]","High 10x score failed. Inspect overextension, timing, volume fade, liquidity drop, manipulation risk, or lack of buyer continuation.",2026-05-16T04:04:29+00:00
10423,0x47647E481cB71D6b4475D6dd0065b34ce8Ca8844,jo,base:0x87e3456cdd8874c999569f6382b1901a5e468cc78c2609e6b4397fb92886e374,100.0,100.0,0.0,8h,-47.39157762413577,"[""Liquidity drop failure"",""Timing failure""]","High 10x score failed. Inspect overextension, timing, volume fade, liquidity drop, manipulation risk, or lack of buyer continuation.",2026-05-16T04:04:29+00:00
10422,0x47647E481cB71D6b4475D6dd0065b34ce8Ca8844,jo,base:0x87e3456cdd8874c999569f6382b1901a5e468cc78c2609e6b4397fb92886e374,84.0,39.0,45.0,8h,-28.154506437768244,"[""Overextension failure"",""Timing failure""]","High 10x score failed. Inspect overextension, timing, volume fade, liquidity drop, manipulation risk, or lack of buyer continuation.",2026-05-16T04:04:29+00:00
10421,0x6e06306D196aCad2D5f6D9F5585d5DE2A7482d28,SESSY,base:0x1357c95a23fd64e817cd89eecea20f14c9d408aeb09f0ba56afa401d1fc68d0f,84.0,59.0,25.0,2h,-46.979241231209734,"[""Overextension failure"",""Liquidity drop failure"",""Timing failure""]","High 10x score failed. Inspect overextension, timing, volume fade, liquidity drop, manipulation risk, or lack of buyer continuation.",2026-05-16T04:04:29+00:00
10420,0x6e06306D196aCad2D5f6D9F5585d5DE2A7482d28,SESSY,base:0x1357c95a23fd64e817cd89eecea20f14c9d408aeb09f0ba56afa401d1fc68d0f,84.0,59.0,25.0,1h,-46.979241231209734,"[""Overextension failure"",""Liquidity drop failure"",""Timing failure""]","High 10x score failed. Inspect overextension, timing, volume fade, liquidity drop, manipulation risk, or lack of buyer continuation.",2026-05-16T04:04:29+00:00
10419,0x6e06306D196aCad2D5f6D9F5585d5DE2A7482d28,SESSY,base:0x1357c95a23fd64e817cd89eecea20f14c9d408aeb09f0ba56afa401d1fc68d0f,84.0,59.0,25.0,30m,-46.979241231209734,"[""Overextension failure"",""Liquidity drop failure"",""Timing failure""]","High 10x score failed. Inspect overextension, timing, volume fade, liquidity drop, manipulation risk, or lack of buyer continuation.",2026-05-16T04:04:29+00:00
10418,0x6e06306D196aCad2D5f6D9F5585d5DE2A7482d28,SESSY,base:0x1357c95a23fd64e817cd89eecea20f14c9d408aeb09f0ba56afa401d1fc68d0f,84.0,59.0,25.0,15m,-46.979241231209734,"[""Overextension failure"",""Liquidity drop failure"",""Timing failure""]","High 10x score failed. Inspect overextension, timing, volume fade, liquidity drop, manipulation risk, or lack of buyer continuation.",2026-05-16T04:04:29+00:00
10417,0xf41FaaCdD6b1D0Db127Ec16572B1CAC861F75544,bLend,base:0xad69cf15d7b9645ed79c87434e33b81a81b27ee6bece8c813ada2fbd39bc0824,95.0,70.0,25.0,24h,-71.7430441898527,"[""Overextension failure"",""Liquidity drop failure"",""Volume fade failure"",""Timing failure""]","High 10x score failed. Inspect overextension, timing, volume fade, liquidity drop, manipulation risk, or lack of buyer continuation.",2026-05-16T04:04:29+00:00
10416,0x8f9e7ce623e99C789dc01579a42522CF9077CC8a,RoboX,base:0x348b81863531ce001a9ee8b5d4d0230f76314cc7ef9e89aa63dee9b50b1cd333,81.0,56.0,25.0,24h,-59.70056497175141,"[""Overextension failure"",""Liquidity drop failure"",""Timing failure""]","High 10x score failed. Inspect overextension, timing, volume fade, liquidity drop, manipulation risk, or lack of buyer continuation.",2026-05-16T04:04:29+00:00
10415,0x6e06306D196aCad2D5f6D9F5585d5DE2A7482d28,SESSY,base:0x1357c95a23fd64e817cd89eecea20f14c9d408aeb09f0ba56afa401d1fc68d0f,84.0,59.0,25.0,4h,-46.979241231209734,"[""Overextension failure"",""Liquidity drop failure"",""Timing failure""]","High 10x score failed. Inspect overextension, timing, volume fade, liquidity drop, manipulation risk, or lack of buyer continuation.",2026-05-16T04:04:29+00:00
10414,0x2d296830975789E8C0Bf5bfCc9982D331A07DB07,KUVI,base:0x45724d20f2711c24065fe4fbc451438cbe680a17bb1703e9afd6b6fdea029947,80.0,30.0,50.0,8h,-95.30846774193549,"[""Overextension failure"",""Liquidity drop failure"",""Timing failure"",""No-buyer-continuation failure""]","High 10x score failed. Inspect overextension, timing, volume fade, liquidity drop, manipulation risk, or lack of buyer continuation.",2026-05-16T04:04:29+00:00
10413,0x05A53C6153a9040Fbe58A2a106bC84577C34B422,LO0P,base:0x487172d556884571f3e9fed40b6d7f29f51ff3d8d4a0ad8b4805858b63a2b43c,100.0,75.0,25.0,24h,-92.40983083306735,"[""Liquidity drop failure"",""Volume fade failure"",""Timing failure""]","High 10x score failed. Inspect overextension, timing, volume fade, liquidity drop, manipulation risk, or lack of buyer continuation.",2026-05-16T04:04:29+00:00
10412,0x05A53C6153a9040Fbe58A2a106bC84577C34B422,LO0P,base:0x487172d556884571f3e9fed40b6d7f29f51ff3d8d4a0ad8b4805858b63a2b43c,100.0,50.0,50.0,24h,-90.69640062597809,"[""Overextension failure"",""Liquidity drop failure"",""Timing failure""]","High 10x score failed. Inspect overextension, timing, volume fade, liquidity drop, manipulation risk, or lack of buyer continuation.",2026-05-16T04:04:29+00:00
10411,0x6e06306D196aCad2D5f6D9F5585d5DE2A7482d28,SESSY,base:0x1357c95a23fd64e817cd89eecea20f14c9d408aeb09f0ba56afa401d1fc68d0f,84.0,59.0,25.0,8h,-46.979241231209734,"[""Overextension failure"",""Liquidity drop failure"",""Timing failure""]","High 10x score failed. Inspect overextension, timing, volume fade, liquidity drop, manipulation risk, or lack of buyer continuation.",2026-05-16T04:04:29+00:00
10410,0x47647E481cB71D6b4475D6dd0065b34ce8Ca8844,jo,base:0x87e3456cdd8874c999569f6382b1901a5e468cc78c2609e6b4397fb92886e374,84.0,14.0,70.0,24h,-91.60085836909872,"[""Overextension failure"",""Liquidity drop failure"",""Timing failure""]","High 10x score failed. Inspect overextension, timing, volume fade, liquidity drop, manipulation risk, or lack of buyer continuation.",2026-05-16T04:04:29+00:00
10409,0x47647E481cB71D6b4475D6dd0065b34ce8Ca8844,jo,base:0x87e3456cdd8874c999569f6382b1901a5e468cc78c2609e6b4397fb92886e374,100.0,75.0,25.0,24h,-93.84978001257072,"[""Liquidity drop failure"",""Timing failure""]","High 10x score failed. Inspect overextension, timing, volume fade, liquidity drop, manipulation risk, or lack of buyer continuation.",2026-05-16T04:04:29+00:00
10408,0x2d296830975789E8C0Bf5bfCc9982D331A07DB07,KUVI,base:0x45724d20f2711c24065fe4fbc451438cbe680a17bb1703e9afd6b6fdea029947,80.0,30.0,50.0,24h,-95.36424731182795,"[""Overextension failure"",""Liquidity drop failure"",""Volume fade failure"",""Timing failure"",""No-buyer-continuation failure""]","High 10x score failed. Inspect overextension, timing, volume fade, liquidity drop, manipulation risk, or lack of buyer continuation.",2026-05-16T04:04:29+00:00
10407,0x6e06306D196aCad2D5f6D9F5585d5DE2A7482d28,SESSY,base:0x1357c95a23fd64e817cd89eecea20f14c9d408aeb09f0ba56afa401d1fc68d0f,84.0,59.0,25.0,24h,-52.90622763063708,"[""Overextension failure"",""Liquidity drop failure"",""Timing failure""]","High 10x score failed. Inspect overextension, timing, volume fade, liquidity drop, manipulation risk, or lack of buyer continuation.",2026-05-16T04:04:29+00:00
10406,0xE31700c6BD46638D207991fB5CC5c0daD3D1e3DA,ROO,base:0x09fAe307C77821332d2C477De66844213E62f4A3,100.0,100.0,0.0,24h,-31.719334012911993,"[""Timing failure""]","High 10x score failed. Inspect overextension, timing, volume fade, liquidity drop, manipulation risk, or lack of buyer continuation.",2026-05-16T04:04:29+00:00
10405,0xce2bDEbeb78616D6124213fa862d7ADAb877fa1a,EXEC,base:0xe7a6dcd54f9214cc88da6c67a7af6d6aafaf253c978a73472215cc09d22361e5,84.0,39.0,45.0,2h,-64.64271768840297,"[""Overextension failure"",""Liquidity drop failure"",""Timing failure""]","High 10x score failed. Inspect overextension, timing, volume fade, liquidity drop, manipulation risk, or lack of buyer continuation.",2026-05-16T04:04:29+00:00
10404,0xce2bDEbeb78616D6124213fa862d7ADAb877fa1a,EXEC,base:0xe7a6dcd54f9214cc88da6c67a7af6d6aafaf253c978a73472215cc09d22361e5,84.0,39.0,45.0,1h,-64.64271768840297,"[""Overextension failure"",""Liquidity drop failure"",""Timing failure""]","High 10x score failed. Inspect overextension, timing, volume fade, liquidity drop, manipulation risk, or lack of buyer continuation.",2026-05-16T04:04:29+00:00
10403,0xce2bDEbeb78616D6124213fa862d7ADAb877fa1a,EXEC,base:0xe7a6dcd54f9214cc88da6c67a7af6d6aafaf253c978a73472215cc09d22361e5,84.0,39.0,45.0,30m,-64.64271768840297,"[""Overextension failure"",""Liquidity drop failure"",""Timing failure""]","High 10x score failed. Inspect overextension, timing, volume fade, liquidity drop, manipulation risk, or lack of buyer continuation.",2026-05-16T04:04:29+00:00
10402,0xce2bDEbeb78616D6124213fa862d7ADAb877fa1a,EXEC,base:0xe7a6dcd54f9214cc88da6c67a7af6d6aafaf253c978a73472215cc09d22361e5,84.0,39.0,45.0,15m,-64.64271768840297,"[""Overextension failure"",""Liquidity drop failure"",""Timing failure""]","High 10x score failed. Inspect overextension, timing, volume fade, liquidity drop, manipulation risk, or lack of buyer continuation.",2026-05-16T04:04:29+00:00
10401,0xc27f67919f6957C2660793BD599ED5c41069111a,MIRANA,base:0xa63ca7cfe84e33d565389aefa7d42a953a8909b008bd25d967ba76ba4a9cd524,97.0,52.0,45.0,2h,-32.00540175557056,"[""Overextension failure"",""Timing failure""]","High 10x score failed. Inspect overextension, timing, volume fade, liquidity drop, manipulation risk, or lack of buyer continuation.",2026-05-16T04:04:29+00:00
10400,0xc27f67919f6957C2660793BD599ED5c41069111a,MIRANA,base:0xa63ca7cfe84e33d565389aefa7d42a953a8909b008bd25d967ba76ba4a9cd524,97.0,52.0,45.0,1h,-32.00540175557056,"[""Overextension failure"",""Timing failure""]","High 10x score failed. Inspect overextension, timing, volume fade, liquidity drop, manipulation risk, or lack of buyer continuation.",2026-05-16T04:04:29+00:00
10399,0xc27f67919f6957C2660793BD599ED5c41069111a,MIRANA,base:0xa63ca7cfe84e33d565389aefa7d42a953a8909b008bd25d967ba76ba4a9cd524,97.0,52.0,45.0,30m,-32.00540175557056,"[""Overextension failure"",""Timing failure""]","High 10x score failed. Inspect overextension, timing, volume fade, liquidity drop, manipulation risk, or lack of buyer continuation.",2026-05-16T04:04:29+00:00
10398,0xc27f67919f6957C2660793BD599ED5c41069111a,MIRANA,base:0xa63ca7cfe84e33d565389aefa7d42a953a8909b008bd25d967ba76ba4a9cd524,97.0,52.0,45.0,15m,-32.00540175557056,"[""Overextension failure"",""Timing failure""]","High 10x score failed. Inspect overextension, timing, volume fade, liquidity drop, manipulation risk, or lack of buyer continuation.",2026-05-16T04:04:29+00:00
10397,0xce2bDEbeb78616D6124213fa862d7ADAb877fa1a,EXEC,base:0xe7a6dcd54f9214cc88da6c67a7af6d6aafaf253c978a73472215cc09d22361e5,84.0,39.0,45.0,4h,-73.10035142522452,"[""Overextension failure"",""Liquidity drop failure"",""Timing failure""]","High 10x score failed. Inspect overextension, timing, volume fade, liquidity drop, manipulation risk, or lack of buyer continuation.",2026-05-16T04:04:29+00:00
10396,0xc27f67919f6957C2660793BD599ED5c41069111a,MIRANA,base:0xa63ca7cfe84e33d565389aefa7d42a953a8909b008bd25d967ba76ba4a9cd524,97.0,27.0,70.0,4h,-85.99932478055368,"[""Overextension failure"",""Liquidity drop failure"",""Timing failure""]","High 10x score failed. Inspect overextension, timing, volume fade, liquidity drop, manipulation risk, or lack of buyer continuation.",2026-05-16T04:04:29+00:00
10395,0xce2bDEbeb78616D6124213fa862d7ADAb877fa1a,EXEC,base:0xe7a6dcd54f9214cc88da6c67a7af6d6aafaf253c978a73472215cc09d22361e5,84.0,39.0,45.0,8h,-72.93244826239751,"[""Overextension failure"",""Liquidity drop failure"",""Timing failure""]","High 10x score failed. Inspect overextension, timing, volume fade, liquidity drop, manipulation risk, or lack of buyer continuation.",2026-05-16T04:04:29+00:00
10394,0xc27f67919f6957C2660793BD599ED5c41069111a,MIRANA,base:0xa63ca7cfe84e33d565389aefa7d42a953a8909b008bd25d967ba76ba4a9cd524,97.0,52.0,45.0,8h,-57.35989196488859,"[""Overextension failure"",""Liquidity drop failure"",""Timing failure""]","High 10x score failed. Inspect overextension, timing, volume fade, liquidity drop, manipulation risk, or lack of buyer continuation.",2026-05-16T04:04:29+00:00
10393,0x6E84030FA86EBf585E3E18fe557e5612f7e93Bff,AORA,base:0x0aeD2Bd5AbdFfCDe57c0bCf30E75cd594b8876A9,100.0,100.0,0.0,24h,-37.49574105621806,"[""Timing failure"",""No-buyer-continuation failure""]","High 10x score failed. Inspect overextension, timing, volume fade, liquidity drop, manipulation risk, or lack of buyer continuation.",2026-05-16T04:04:29+00:00
10392,0xFa507Bf8dfb7649F3c567901215b224e77f4163E,WAVE,base:0x7e8cfb89dac73a43f69c4343bb85da23158115664f6a749d6bdda056f9d84f3f,100.0,100.0,0.0,8h,-33.86666666666667,"[""Timing failure""]","High 10x score failed. Inspect overextension, timing, volume fade, liquidity drop, manipulation risk, or lack of buyer continuation.",2026-05-16T04:04:29+00:00
10391,0xACa8B40f243aE9756bBa011bfFd7A1Ab0761BD7F,agent,base:0x42600aeb59d5f826d246b8bc39d1a7ff34a1e004b047d90204628b89b5e53fa2,80.0,55.0,25.0,8h,-85.09554140127389,"[""Liquidity drop failure"",""Timing failure""]","High 10x score failed. Inspect overextension, timing, volume fade, liquidity drop, manipulation risk, or lack of buyer continuation.",2026-05-16T04:04:29+00:00
10390,0xce2bDEbeb78616D6124213fa862d7ADAb877fa1a,EXEC,base:0xe7a6dcd54f9214cc88da6c67a7af6d6aafaf253c978a73472215cc09d22361e5,84.0,14.0,70.0,24h,-90.94494338149161,"[""Overextension failure"",""Liquidity drop failure"",""Volume fade failure"",""Timing failure""]","High 10x score failed. Inspect overextension, timing, volume fade, liquidity drop, manipulation risk, or lack of buyer continuation.",2026-05-16T04:04:29+00:00
10389,0x6750C50b485D51416bE4BC5f4F2107Ea9cd4CB07,BASEDTROLL,base:0xe912e5d32c6b6e1f52fa91c773fd4709414fc6f641b9a62dbed52bd50effcef3,96.0,96.0,0.0,2h,-30.929721815519763,"[""Timing failure"",""No-buyer-continuation failure""]","High 10x score failed. Inspect overextension, timing, volume fade, liquidity drop, manipulation risk, or lack of buyer continuation.",2026-05-16T04:04:29+00:00
10388,0x6750C50b485D51416bE4BC5f4F2107Ea9cd4CB07,BASEDTROLL,base:0xe912e5d32c6b6e1f52fa91c773fd4709414fc6f641b9a62dbed52bd50effcef3,96.0,96.0,0.0,1h,-30.929721815519763,"[""Timing failure"",""No-buyer-continuation failure""]","High 10x score failed. Inspect overextension, timing, volume fade, liquidity drop, manipulation risk, or lack of buyer continuation.",2026-05-16T04:04:29+00:00
10387,0x6750C50b485D51416bE4BC5f4F2107Ea9cd4CB07,BASEDTROLL,base:0xe912e5d32c6b6e1f52fa91c773fd4709414fc6f641b9a62dbed52bd50effcef3,96.0,96.0,0.0,30m,-30.929721815519763,"[""Timing failure"",""No-buyer-continuation failure""]","High 10x score failed. Inspect overextension, timing, volume fade, liquidity drop, manipulation risk, or lack of buyer continuation.",2026-05-16T04:04:29+00:00
10386,0x6750C50b485D51416bE4BC5f4F2107Ea9cd4CB07,BASEDTROLL,base:0xe912e5d32c6b6e1f52fa91c773fd4709414fc6f641b9a62dbed52bd50effcef3,96.0,96.0,0.0,15m,-30.929721815519763,"[""Timing failure"",""No-buyer-continuation failure""]","High 10x score failed. Inspect overextension, timing, volume fade, liquidity drop, manipulation risk, or lack of buyer continuation.",2026-05-16T04:04:29+00:00
10385,0xc27f67919f6957C2660793BD599ED5c41069111a,MIRANA,base:0xa63ca7cfe84e33d565389aefa7d42a953a8909b008bd25d967ba76ba4a9cd524,97.0,27.0,70.0,24h,-86.2592842673869,"[""Overextension failure"",""Liquidity drop failure"",""Timing failure""]","High 10x score failed. Inspect overextension, timing, volume fade, liquidity drop, manipulation risk, or lack of buyer continuation.",2026-05-16T04:04:29+00:00
10384,0xBF0775cBCA2744549cD016DAb8D3B3403De58bBF,LPAD,base:0x26ece6c852e5e0000ca805f52056a63d1da5c699cfd43c7d538fe74afa38b2a1,87.0,87.0,0.0,1h,-40.5090595340811,"[""Liquidity drop failure"",""Timing failure"",""No-buyer-continuation failure""]","High 10x score failed. Inspect overextension, timing, volume fade, liquidity drop, manipulation risk, or lack of buyer continuation.",2026-05-16T04:04:29+00:00
10383,0xBF0775cBCA2744549cD016DAb8D3B3403De58bBF,LPAD,base:0x26ece6c852e5e0000ca805f52056a63d1da5c699cfd43c7d538fe74afa38b2a1,87.0,87.0,0.0,30m,-40.5090595340811,"[""Liquidity drop failure"",""Timing failure"",""No-buyer-continuation failure""]","High 10x score failed. Inspect overextension, timing, volume fade, liquidity drop, manipulation risk, or lack of buyer continuation.",2026-05-16T04:04:29+00:00
10382,0xBF0775cBCA2744549cD016DAb8D3B3403De58bBF,LPAD,base:0x26ece6c852e5e0000ca805f52056a63d1da5c699cfd43c7d538fe74afa38b2a1,87.0,87.0,0.0,15m,-40.5090595340811,"[""Liquidity drop failure"",""Timing failure"",""No-buyer-continuation failure""]","High 10x score failed. Inspect overextension, timing, volume fade, liquidity drop, manipulation risk, or lack of buyer continuation.",2026-05-16T04:04:29+00:00
10381,0x6750C50b485D51416bE4BC5f4F2107Ea9cd4CB07,BASEDTROLL,base:0xe912e5d32c6b6e1f52fa91c773fd4709414fc6f641b9a62dbed52bd50effcef3,96.0,96.0,0.0,4h,-78.34187408491947,"[""Liquidity drop failure"",""Timing failure"",""No-buyer-continuation failure""]","High 10x score failed. Inspect overextension, timing, volume fade, liquidity drop, manipulation risk, or lack of buyer continuation.",2026-05-16T04:04:29+00:00
10380,0x4ed4E862860beD51a9570b96d89aF5E1B0Efefed,DEGEN,base:0xc9034c3E7F58003E6ae0C8438e7c8f4598d5ACAA,83.0,83.0,0.0,24h,-27.475133894414693,"[""Timing failure""]","High 10x score failed. Inspect overextension, timing, volume fade, liquidity drop, manipulation risk, or lack of buyer continuation.",2026-05-16T04:04:29+00:00
10379,0xA82138D538CF6e465d0B6915B0d072b1e6910f7d,COBOT,base:0xdC6Dc2125885f06881483499c43AD354A85e6F04,97.0,97.0,0.0,24h,-32.4128862590401,"[""Volume fade failure"",""Timing failure""]","High 10x score failed. Inspect overextension, timing, volume fade, liquidity drop, manipulation risk, or lack of buyer continuation.",2026-05-16T04:04:29+00:00
10378,0xBF0775cBCA2744549cD016DAb8D3B3403De58bBF,LPAD,base:0x26ece6c852e5e0000ca805f52056a63d1da5c699cfd43c7d538fe74afa38b2a1,87.0,87.0,0.0,2h,-45.3300258843831,"[""Liquidity drop failure"",""Timing failure"",""No-buyer-continuation failure""]","High 10x score failed. Inspect overextension, timing, volume fade, liquidity drop, manipulation risk, or lack of buyer continuation.",2026-05-16T04:04:29+00:00
10377,0xBF0775cBCA2744549cD016DAb8D3B3403De58bBF,LPAD,base:0x26ece6c852e5e0000ca805f52056a63d1da5c699cfd43c7d538fe74afa38b2a1,87.0,87.0,0.0,4h,-46.46246764452113,"[""Liquidity drop failure"",""Timing failure"",""No-buyer-continuation failure""]","High 10x score failed. Inspect overextension, timing, volume fade, liquidity drop, manipulation risk, or lack of buyer continuation.",2026-05-16T04:04:29+00:00
10376,0x6750C50b485D51416bE4BC5f4F2107Ea9cd4CB07,BASEDTROLL,base:0xe912e5d32c6b6e1f52fa91c773fd4709414fc6f641b9a62dbed52bd50effcef3,96.0,71.0,25.0,8h,-82.39385065885799,"[""Liquidity drop failure"",""Timing failure"",""No-buyer-continuation failure""]","High 10x score failed. Inspect overextension, timing, volume fade, liquidity drop, manipulation risk, or lack of buyer continuation.",2026-05-16T04:04:29+00:00
10375,0xBF0775cBCA2744549cD016DAb8D3B3403De58bBF,LPAD,base:0x26ece6c852e5e0000ca805f52056a63d1da5c699cfd43c7d538fe74afa38b2a1,87.0,87.0,0.0,8h,-61.03321829163072,"[""Liquidity drop failure"",""Timing failure"",""No-buyer-continuation failure""]","High 10x score failed. Inspect overextension, timing, volume fade, liquidity drop, manipulation risk, or lack of buyer continuation.",2026-05-16T04:04:29+00:00
10374,0xFa507Bf8dfb7649F3c567901215b224e77f4163E,WAVE,base:0x7e8cfb89dac73a43f69c4343bb85da23158115664f6a749d6bdda056f9d84f3f,100.0,75.0,25.0,24h,-93.93523809523809,"[""Liquidity drop failure"",""Timing failure""]","High 10x score failed. Inspect overextension, timing, volume fade, liquidity drop, manipulation risk, or lack of buyer continuation.",2026-05-16T04:04:29+00:00
10373,0x0383ACCbCbA5480806a46a0656C365A4Fa1495a7,Archetype,base:0x57a7ff7e2962424c12b55ca7a2042739e1e5b8be9bcd1f30deaa9943824b592f,97.0,47.0,50.0,24h,-93.21057321057322,"[""Overextension failure"",""Liquidity drop failure"",""Timing failure""]","High 10x score failed. Inspect overextension, timing, volume fade, liquidity drop, manipulation risk, or lack of buyer continuation.",2026-05-16T04:04:29+00:00
