id,token_address,symbol,pair_id,source_label,scan_time,tradable_score,tradable_tier,research_window,latest_horizon,latest_return_pct,best_return_pct,worst_return_pct,liquidity_usd,volume_24h_usd,buy_ratio,pair_age_hours,price_change_1h_pct,risk_score,opportunity_score,ten_x_score,pump_strength_score,trap_risk_score,survival_score,liquidity_retention_pct,volume_retention_pct,reasons,risk_notes,action_note,created_at
4814,0x797f214a2CD64a4963A91Fa21c8C55Ec3EBa4714,SIBYL,base:0x43447F02AdA550929F1F0619471a8F8dba173243,Watchlist,2026-05-14T07:25:37+00:00,70.0,Cautious Tradable Watch,"Small-move research: 5-30% possible range, not promised.",24h,-10.241578768288539,7.85981626403538,-10.241578768288539,243681.79,132879.47,0.48863636363636365,1353.892441145,-6.72,20.0,63.0,82.0,55.0,5.0,38.635714285714286,95.39475231202135,39.74928557436299,"[""enough_liquidity"",""enough_real_volume"",""balanced_buy_pressure"",""low_trap_risk"",""lower_model_risk"",""good_opportunity_score""]","[""latest_return_is_negative""]","Research only. If traded manually, use strict risk management; this is not a buy signal.",2026-05-16T04:04:29+00:00
4813,0xE31700c6BD46638D207991fB5CC5c0daD3D1e3DA,ROO,base:0x09fAe307C77821332d2C477De66844213E62f4A3,Research Candidate,2026-05-12T18:19:00+00:00,78.0,Tradable Research Candidate,"Small-move research: 5-30% possible range, not promised.",24h,-31.719334012911993,22.799864084267753,-31.719334012911993,240798.35,256045.59,0.810126582278481,202.70047792555553,2.68,20.0,68.0,100.0,75.0,13.0,40.26714285714286,81.85007496936753,381.3702239511331,"[""enough_liquidity"",""enough_real_volume"",""low_trap_risk"",""not_overextended"",""lower_model_risk"",""good_opportunity_score"",""healthy_momentum_pattern""]","[""buy_pressure_is_not_balanced"",""survival_still_weak"",""latest_return_is_negative""]","Research only. If traded manually, use strict risk management; this is not a buy signal.",2026-05-16T04:04:29+00:00
4812,0x4225658360C731a2b4c34555E45fea3b4b0181D5,PORT,base:0xf22521fD2fe43aA2a405fbdC1A02361eCa978eb2,Research Candidate,2026-05-11T16:12:30+00:00,78.0,Tradable Research Candidate,"Small-move research: 5-30% possible range, not promised.",24h,-19.466764061358653,7.962016070124167,-24.251278305332356,80091.32,258441.06,0.4631578947368421,12138.595837926945,38.46,25.0,74.0,89.0,85.0,5.0,41.06428571428572,86.73550392227271,71.18892021260089,"[""enough_real_volume"",""acceptable_buy_pressure"",""low_trap_risk"",""not_overextended"",""lower_model_risk"",""good_opportunity_score"",""healthy_momentum_pattern""]","[""liquidity_is_only_moderate"",""survival_still_weak"",""latest_return_is_negative""]","Research only. If traded manually, use strict risk management; this is not a buy signal.",2026-05-16T04:04:29+00:00
4811,0xd8Db4C337d09Da8d7ceb7d87ADFE224D17785ba3,CoP,base:0xa51b3a0f976c3fe1054ccaa42cc3b807416f02f0db6724b2c72e99c72e572c24,Watchlist,2026-05-13T20:56:48+00:00,78.0,Tradable Research Candidate,"Small-move research: 5-30% possible range, not promised.",24h,15.78024547048511,17.124488603156053,-19.170075978959677,108608.52,1139923.42,0.3732283464566929,533.2337593436112,-8.86,25.0,63.0,69.0,51.0,15.0,45.47857142857143,113.5335330966668,31.075983156833466,"[""enough_liquidity"",""strong_real_volume"",""low_trap_risk"",""lower_model_risk"",""good_opportunity_score""]","[""buy_pressure_is_not_balanced"",""survival_still_weak""]","Research only. If traded manually, use strict risk management; this is not a buy signal.",2026-05-16T04:04:29+00:00
4810,0xA74f7dad0b4c603adA798E2FeE76bD8D6aDfe8ee,Meridia,base:0x039b7089b25349f52fe75bd32db237b4c237fa7347c0cbedb494d507b7da9727,Watchlist,2026-05-08T23:11:59+00:00,79.0,Tradable Research Candidate,"Small-move research: 5-30% possible range, not promised.",24h,148.61516034985422,152.91545189504373,53.134110787172006,89528.43,401263.44,0.5579584775086506,1.1183388027777779,176.0,38.0,47.0,71.0,100.0,17.0,91.94,174.16025278227266,1798.5177792424845,"[""enough_real_volume"",""balanced_buy_pressure"",""strong_post_detection_survival"",""low_trap_risk"",""acceptable_model_risk"",""healthy_momentum_pattern""]","[""liquidity_is_only_moderate"",""already_strongly_pumped"",""still_young""]","Research only. If traded manually, use strict risk management; this is not a buy signal.",2026-05-16T04:04:29+00:00
4809,0x10c56F005a379f8eAfc88ff5c3f40d30F0031AC9,SR,base:0x93e7c445d77E6506b77C869C469e4305c15c075B,Research Candidate,2026-05-11T08:38:26+00:00,83.0,Tradable Research Candidate,"Small-move research: 5-30% possible range, not promised.",24h,-19.63877706451963,12.718964204112716,-19.63877706451963,321577.86,233912.84,0.63,837.4319460308333,-7.22,20.0,65.0,88.0,60.0,5.0,43.635714285714286,87.96630464547528,198.1676337220308,"[""deep_liquidity"",""enough_real_volume"",""balanced_buy_pressure"",""low_trap_risk"",""lower_model_risk"",""good_opportunity_score""]","[""survival_still_weak"",""latest_return_is_negative""]","Research only. If traded manually, use strict risk management; this is not a buy signal.",2026-05-16T04:04:29+00:00
4808,0x4ed4E862860beD51a9570b96d89aF5E1B0Efefed,DEGEN,base:0xc9034c3E7F58003E6ae0C8438e7c8f4598d5ACAA,Watchlist,2026-05-11T21:42:57+00:00,83.0,Tradable Research Candidate,"Small-move research: 5-30% possible range, not promised.",24h,-7.385377942998761,-2.4411400247831505,-7.385377942998761,907134.7,219116.67,0.4,20522.203340129166,-0.89,20.0,51.0,40.0,16.0,15.0,47.55,93.68282902197436,98.80863925140885,"[""deep_liquidity"",""enough_real_volume"",""low_trap_risk"",""not_overextended"",""lower_model_risk""]","[""buy_pressure_is_not_balanced"",""survival_still_weak""]","Research only. If traded manually, use strict risk management; this is not a buy signal.",2026-05-16T04:04:29+00:00
4807,0x4ed4E862860beD51a9570b96d89aF5E1B0Efefed,DEGEN,base:0xc9034c3E7F58003E6ae0C8438e7c8f4598d5ACAA,Watchlist,2026-05-13T04:15:51+00:00,83.0,Tradable Research Candidate,"Small-move research: 5-30% possible range, not promised.",24h,-6.237892289810154,0.6586594343277685,-6.237892289810154,875158.58,209952.09,0.32727272727272727,20552.751937256668,-0.52,20.0,47.0,40.0,12.0,23.0,51.252857142857145,94.76889319876176,78.68224603051105,"[""deep_liquidity"",""enough_real_volume"",""low_trap_risk"",""not_overextended"",""lower_model_risk""]","[""buy_pressure_is_not_balanced"",""survival_still_weak""]","Research only. If traded manually, use strict risk management; this is not a buy signal.",2026-05-16T04:04:29+00:00
4806,0x4ed4E862860beD51a9570b96d89aF5E1B0Efefed,DEGEN,base:0xc9034c3E7F58003E6ae0C8438e7c8f4598d5ACAA,Watchlist,2026-05-12T22:36:59+00:00,83.0,Tradable Research Candidate,"Small-move research: 5-30% possible range, not promised.",24h,-2.622424404602619,4.281509232004277,-2.622424404602619,849829.45,216506.2,0.42592592592592593,20547.103936820557,-1.62,20.0,51.0,40.0,20.0,15.0,51.40714285714286,97.81888236516163,82.70777003152797,"[""deep_liquidity"",""enough_real_volume"",""low_trap_risk"",""not_overextended"",""lower_model_risk""]","[""buy_pressure_is_not_balanced"",""survival_still_weak""]","Research only. If traded manually, use strict risk management; this is not a buy signal.",2026-05-16T04:04:29+00:00
4805,0x4ed4E862860beD51a9570b96d89aF5E1B0Efefed,DEGEN,base:0xc9034c3E7F58003E6ae0C8438e7c8f4598d5ACAA,Watchlist,2026-05-11T12:24:38+00:00,83.0,Tradable Research Candidate,"Small-move research: 5-30% possible range, not promised.",24h,-0.924947145877375,6.633192389006348,-0.924947145877375,836071.79,133490.33,0.3333333333333333,20512.898319052223,-0.36,20.0,47.0,40.0,16.0,23.0,53.824285714285715,101.68940516459716,213.30470154654654,"[""deep_liquidity"",""enough_real_volume"",""low_trap_risk"",""not_overextended"",""lower_model_risk""]","[""buy_pressure_is_not_balanced"",""survival_still_weak""]","Research only. If traded manually, use strict risk management; this is not a buy signal.",2026-05-16T04:04:29+00:00
4804,0xf3bCBe4ee118ECC57c17820a2F03f46A750aB319,NWARS,base:0xDd7fb99FB36579c19f2baeDce86492D75251dE5E,Watchlist,2026-05-08T18:45:56+00:00,84.0,Tradable Research Candidate,"Small-move research: 5-30% possible range, not promised.",24h,29.279357878206234,29.279357878206234,-4.62397487349504,214136.98,306603.77,0.53,2.0675070986111113,-17.12,25.0,48.0,70.0,82.0,15.0,59.55,113.69883893944895,26.651942342391937,"[""enough_liquidity"",""enough_real_volume"",""balanced_buy_pressure"",""survived_after_detection"",""low_trap_risk"",""lower_model_risk"",""healthy_momentum_pattern""]","[""falling_at_detection"",""still_young"",""volume_retention_weak""]","Research only. If traded manually, use strict risk management; this is not a buy signal.",2026-05-16T04:04:29+00:00
4803,0x021e7b57fDc6475743d389df6736a5a130486dAe,WOON,base:0x189de6f66a1915412e32779fdf6c091311e95821be58833375e97e3f69a6bdb9,High-Risk Momentum Watchlist,2026-05-10T23:10:58+00:00,84.0,Tradable Research Candidate,"Small-move research: 5-30% possible range, not promised.",24h,41.18942731277533,88.0323054331865,15.418502202643158,90112.67,347353.29,0.6143589743589744,1.1099514191666666,157.0,38.0,57.0,81.0,100.0,17.0,81.79714285714286,123.2084677992562,433.7738272178162,"[""enough_real_volume"",""balanced_buy_pressure"",""strong_post_detection_survival"",""low_trap_risk"",""acceptable_model_risk"",""good_opportunity_score"",""healthy_momentum_pattern""]","[""liquidity_is_only_moderate"",""already_strongly_pumped"",""still_young""]","Research only. If traded manually, use strict risk management; this is not a buy signal.",2026-05-16T04:04:29+00:00
4802,0x10c56F005a379f8eAfc88ff5c3f40d30F0031AC9,SR,base:0x93e7c445d77E6506b77C869C469e4305c15c075B,Watchlist,2026-05-07T14:05:11+00:00,85.0,Tradable Research Candidate,"Small-move research: 5-30% possible range, not promised.",24h,-12.441064638783272,20.076045627376416,-12.441064638783272,277421.29,652796.98,0.6071428571428571,746.8777928683334,-7.51,20.0,63.0,76.0,72.0,15.0,45.15714285714286,93.89876674569571,24.923444039217216,"[""deep_liquidity"",""strong_real_volume"",""balanced_buy_pressure"",""low_trap_risk"",""lower_model_risk"",""good_opportunity_score"",""healthy_momentum_pattern""]","[""survival_still_weak"",""volume_retention_weak"",""latest_return_is_negative""]","Research only. If traded manually, use strict risk management; this is not a buy signal.",2026-05-16T04:04:29+00:00
4801,0x4ed4E862860beD51a9570b96d89aF5E1B0Efefed,DEGEN,base:0xc9034c3E7F58003E6ae0C8438e7c8f4598d5ACAA,Watchlist,2026-05-11T20:05:19+00:00,88.0,Tradable Research Candidate,"Small-move research: 5-30% possible range, not promised.",24h,-6.320847708230659,-0.5667816658452396,-6.320847708230659,911314.0,220131.75,0.41509433962264153,20520.576287775,1.06,20.0,57.0,50.0,23.0,15.0,47.55,94.49386819471664,96.81501646173257,"[""deep_liquidity"",""enough_real_volume"",""low_trap_risk"",""not_overextended"",""lower_model_risk"",""good_opportunity_score""]","[""buy_pressure_is_not_balanced"",""survival_still_weak""]","Research only. If traded manually, use strict risk management; this is not a buy signal.",2026-05-16T04:04:29+00:00
4800,0x4ed4E862860beD51a9570b96d89aF5E1B0Efefed,DEGEN,base:0xc9034c3E7F58003E6ae0C8438e7c8f4598d5ACAA,Watchlist,2026-05-12T12:19:35+00:00,88.0,Tradable Research Candidate,"Small-move research: 5-30% possible range, not promised.",24h,-4.306036139946179,-2.563116749967964,-4.306036139946179,879153.3,274170.4,0.44936708860759494,20536.81395015778,-3.38,20.0,57.0,50.0,23.0,15.0,47.55,96.7572504135513,76.71035239398563,"[""deep_liquidity"",""enough_real_volume"",""low_trap_risk"",""not_overextended"",""lower_model_risk"",""good_opportunity_score""]","[""buy_pressure_is_not_balanced"",""survival_still_weak""]","Research only. If traded manually, use strict risk management; this is not a buy signal.",2026-05-16T04:04:29+00:00
4799,0x4ed4E862860beD51a9570b96d89aF5E1B0Efefed,DEGEN,base:0xc9034c3E7F58003E6ae0C8438e7c8f4598d5ACAA,Research Candidate,2026-05-13T07:31:01+00:00,88.0,Tradable Research Candidate,"Small-move research: 5-30% possible range, not promised.",24h,-5.28611752630227,-4.195535026943798,-6.274056966897601,881693.65,200120.34,0.7391304347826086,20556.00450232889,1.81,20.0,68.0,62.0,39.0,5.0,49.35,95.45016684650048,60.68328186929924,"[""deep_liquidity"",""enough_real_volume"",""low_trap_risk"",""not_overextended"",""lower_model_risk"",""good_opportunity_score""]","[""buy_pressure_is_not_balanced"",""survival_still_weak""]","Research only. If traded manually, use strict risk management; this is not a buy signal.",2026-05-16T04:04:29+00:00
4798,0x4ed4E862860beD51a9570b96d89aF5E1B0Efefed,DEGEN,base:0xc9034c3E7F58003E6ae0C8438e7c8f4598d5ACAA,Research Candidate,2026-05-12T20:51:19+00:00,88.0,Tradable Research Candidate,"Small-move research: 5-30% possible range, not promised.",24h,-4.064185190056557,2.512166250164416,-4.064185190056557,861135.85,213120.59,0.8372093023255814,20545.342930218056,2.33,20.0,65.0,56.0,31.0,5.0,51.92142857142857,96.77155933062129,90.9891109066468,"[""deep_liquidity"",""enough_real_volume"",""low_trap_risk"",""not_overextended"",""lower_model_risk"",""good_opportunity_score""]","[""buy_pressure_is_not_balanced"",""survival_still_weak""]","Research only. If traded manually, use strict risk management; this is not a buy signal.",2026-05-16T04:04:29+00:00
4797,0x4ed4E862860beD51a9570b96d89aF5E1B0Efefed,DEGEN,base:0xc9034c3E7F58003E6ae0C8438e7c8f4598d5ACAA,Watchlist,2026-05-12T07:17:13+00:00,88.0,Tradable Research Candidate,"Small-move research: 5-30% possible range, not promised.",24h,-0.6627580932959454,2.4216161101198175,-4.435381085903645,884088.88,225955.84,0.7619047619047619,20531.774691641665,0.16,20.0,62.0,56.0,27.0,5.0,54.49285714285715,99.72907361983786,88.56612867363818,"[""deep_liquidity"",""enough_real_volume"",""low_trap_risk"",""not_overextended"",""lower_model_risk"",""good_opportunity_score""]","[""buy_pressure_is_not_balanced"",""survival_still_weak""]","Research only. If traded manually, use strict risk management; this is not a buy signal.",2026-05-16T04:04:29+00:00
4796,0x700eF9A35E0cd425ec29d09F8Be8c988A13de867,LOB,base:0xf0845f1df09f1f5bb163e79bd14ac73f043211eb113b8f07e51b0192e3721951,High-Risk Momentum Watchlist,2026-05-15T17:02:01+00:00,89.0,Tradable Research Candidate,"Small-move research: 5-30% possible range, not promised.",8h,29.17282127031018,29.17282127031018,29.17282127031018,81529.23,610693.4,0.5916473317865429,1.5617651672222224,128.0,35.0,63.0,92.0,100.0,12.0,71.84,115.32153560140333,187.51542427018205,"[""strong_real_volume"",""balanced_buy_pressure"",""strong_post_detection_survival"",""low_trap_risk"",""acceptable_model_risk"",""good_opportunity_score"",""healthy_momentum_pattern""]","[""liquidity_is_only_moderate"",""already_strongly_pumped"",""still_young""]","Research only. If traded manually, use strict risk management; this is not a buy signal.",2026-05-16T04:04:29+00:00
4795,0x4ed4E862860beD51a9570b96d89aF5E1B0Efefed,DEGEN,base:0xc9034c3E7F58003E6ae0C8438e7c8f4598d5ACAA,Research Candidate,2026-05-14T21:37:46+00:00,90.0,Tradable Research Candidate,"Small-move research: 5-30% possible range, not promised.",24h,-20.673575129533674,6.649395509499145,-20.673575129533674,1138013.11,2927370.24,0.48757396449704143,20594.116961526666,0.72,20.0,69.0,70.0,49.0,5.0,38.49285714285715,86.9806455920354,118.22833417887037,"[""deep_liquidity"",""strong_real_volume"",""balanced_buy_pressure"",""low_trap_risk"",""not_overextended"",""lower_model_risk"",""good_opportunity_score""]","[""latest_return_is_negative""]","Research only. If traded manually, use strict risk management; this is not a buy signal.",2026-05-16T04:04:29+00:00
4794,0x4ed4E862860beD51a9570b96d89aF5E1B0Efefed,DEGEN,base:0xc9034c3E7F58003E6ae0C8438e7c8f4598d5ACAA,Research Candidate,2026-05-15T14:37:11+00:00,90.0,Tradable Research Candidate,"Small-move research: 5-30% possible range, not promised.",8h,-14.652840396753831,-6.402164111812436,-14.652840396753831,1115011.87,5773786.81,0.5834862385321101,20611.107300320276,-2.33,20.0,73.0,78.0,59.0,5.0,39.35,91.11186950861787,58.45825852375038,"[""deep_liquidity"",""strong_real_volume"",""balanced_buy_pressure"",""low_trap_risk"",""not_overextended"",""lower_model_risk"",""good_opportunity_score""]","[""latest_return_is_negative""]","Research only. If traded manually, use strict risk management; this is not a buy signal.",2026-05-16T04:04:29+00:00
4793,0x4ed4E862860beD51a9570b96d89aF5E1B0Efefed,DEGEN,base:0xc9034c3E7F58003E6ae0C8438e7c8f4598d5ACAA,Research Candidate,2026-05-14T20:03:39+00:00,90.0,Tradable Research Candidate,"Small-move research: 5-30% possible range, not promised.",24h,-18.821034775233247,4.749787955894824,-18.821034775233247,1155257.46,2661773.56,0.4972972972972973,20592.548542174998,3.67,20.0,69.0,70.0,49.0,5.0,39.77857142857143,88.44249142524473,136.00396571675316,"[""deep_liquidity"",""strong_real_volume"",""balanced_buy_pressure"",""low_trap_risk"",""not_overextended"",""lower_model_risk"",""good_opportunity_score""]","[""latest_return_is_negative""]","Research only. If traded manually, use strict risk management; this is not a buy signal.",2026-05-16T04:04:29+00:00
4792,0x10c56F005a379f8eAfc88ff5c3f40d30F0031AC9,SR,base:0x93e7c445d77E6506b77C869C469e4305c15c075B,Watchlist,2026-05-07T19:44:40+00:00,90.0,Tradable Research Candidate,"Small-move research: 5-30% possible range, not promised.",24h,-11.729530818767254,21.05182459368291,-11.729530818767254,272512.69,663548.74,0.676056338028169,752.5359913636112,-0.69,20.0,63.0,80.0,69.0,15.0,45.15714285714286,95.59010628092219,24.51959896721377,"[""deep_liquidity"",""strong_real_volume"",""acceptable_buy_pressure"",""low_trap_risk"",""not_overextended"",""lower_model_risk"",""good_opportunity_score"",""healthy_momentum_pattern""]","[""survival_still_weak"",""volume_retention_weak"",""latest_return_is_negative""]","Research only. If traded manually, use strict risk management; this is not a buy signal.",2026-05-16T04:04:29+00:00
4791,0x4ed4E862860beD51a9570b96d89aF5E1B0Efefed,DEGEN,base:0xc9034c3E7F58003E6ae0C8438e7c8f4598d5ACAA,Watchlist,2026-05-11T04:38:27+00:00,90.0,Tradable Research Candidate,"Small-move research: 5-30% possible range, not promised.",24h,6.458616010854801,6.458616010854801,0.4477611940298498,818539.52,100521.47,0.4166666666666667,20505.1283967975,-1.96,20.0,54.0,40.0,20.0,15.0,56.55,108.00808737982499,224.78366064483538,"[""deep_liquidity"",""enough_real_volume"",""survived_after_detection"",""low_trap_risk"",""not_overextended"",""lower_model_risk""]","[""buy_pressure_is_not_balanced""]","Research only. If traded manually, use strict risk management; this is not a buy signal.",2026-05-16T04:04:29+00:00
4790,0x4ed4E862860beD51a9570b96d89aF5E1B0Efefed,DEGEN,base:0xc9034c3E7F58003E6ae0C8438e7c8f4598d5ACAA,Watchlist,2026-05-13T19:09:03+00:00,90.0,Tradable Research Candidate,"Small-move research: 5-30% possible range, not promised.",24h,61.5953947368421,61.5953947368421,-0.49342105263157077,833043.27,203294.36,0.3023255813953488,20567.63836030861,-0.5,20.0,47.0,40.0,12.0,23.0,64.64571428571428,138.67916608941573,1309.3199240746276,"[""deep_liquidity"",""enough_real_volume"",""survived_after_detection"",""low_trap_risk"",""not_overextended"",""lower_model_risk""]","[""buy_pressure_is_not_balanced""]","Research only. If traded manually, use strict risk management; this is not a buy signal.",2026-05-16T04:04:29+00:00
4789,0x4ed4E862860beD51a9570b96d89aF5E1B0Efefed,DEGEN,base:0xc9034c3E7F58003E6ae0C8438e7c8f4598d5ACAA,Research Candidate,2026-05-14T23:13:14+00:00,90.0,Tradable Research Candidate,"Small-move research: 5-30% possible range, not promised.",24h,-7.6585365853658605,20.487804878048777,-7.6585365853658605,1041802.01,3090688.4,0.4323094425483504,20595.70825125028,-8.15,20.0,65.0,70.0,43.0,15.0,66.15714285714286,97.51451333828777,109.2072309845276,"[""deep_liquidity"",""strong_real_volume"",""survived_after_detection"",""low_trap_risk"",""lower_model_risk"",""good_opportunity_score""]","[""buy_pressure_is_not_balanced""]","Research only. If traded manually, use strict risk management; this is not a buy signal.",2026-05-16T04:04:29+00:00
4788,0x7afE438411ee3959C7De6f7fB76bf9C769320bA3,BLOCKTRONICS,base:0x7f36b7889aaf2268e8a39865f02451c102bf9070d94569034fc011d6349d9dd8,Watchlist,2026-05-15T18:56:45+00:00,90.0,Tradable Research Candidate,"Small-move research: 5-30% possible range, not promised.",8h,28.901032179720687,28.901032179720687,9.137826350941092,160504.68,267055.98,0.35064935064935066,174.0034825138889,-3.86,20.0,50.0,77.0,58.0,15.0,70.175,116.46547627147072,113.9142287695636,"[""enough_liquidity"",""enough_real_volume"",""strong_post_detection_survival"",""low_trap_risk"",""not_overextended"",""lower_model_risk""]","[""buy_pressure_is_not_balanced""]","Research only. If traded manually, use strict risk management; this is not a buy signal.",2026-05-16T04:04:29+00:00
4787,0x10c56F005a379f8eAfc88ff5c3f40d30F0031AC9,SR,base:0x93e7c445d77E6506b77C869C469e4305c15c075B,Watchlist,2026-05-08T03:55:43+00:00,92.0,Tradable Research Candidate,"Small-move research: 5-30% possible range, not promised.",24h,14.158239143367046,56.55363870711878,14.158239143367046,242285.65,579650.61,0.8214285714285714,760.7201430608334,1.94,20.0,57.0,74.0,64.0,15.0,73.3,107.51572369226162,28.06854460137633,"[""enough_liquidity"",""strong_real_volume"",""strong_post_detection_survival"",""low_trap_risk"",""not_overextended"",""lower_model_risk"",""good_opportunity_score""]","[""buy_pressure_is_not_balanced"",""volume_retention_weak""]","Research only. If traded manually, use strict risk management; this is not a buy signal.",2026-05-16T04:04:29+00:00
4786,0x4ed4E862860beD51a9570b96d89aF5E1B0Efefed,DEGEN,base:0xc9034c3E7F58003E6ae0C8438e7c8f4598d5ACAA,Research Candidate,2026-05-15T04:19:41+00:00,93.0,Tradable Research Candidate,"Small-move research: 5-30% possible range, not promised.",8h,-10.202429149797576,-7.287449392712553,-10.202429149797576,1229325.33,4259763.6,0.4642857142857143,20600.815671885557,6.45,20.0,79.0,83.0,62.0,5.0,40.85,90.70112221636238,135.54242329316116,"[""deep_liquidity"",""strong_real_volume"",""acceptable_buy_pressure"",""low_trap_risk"",""not_overextended"",""lower_model_risk"",""good_opportunity_score""]","[""survival_still_weak"",""latest_return_is_negative""]","Research only. If traded manually, use strict risk management; this is not a buy signal.",2026-05-16T04:04:29+00:00
4785,0x4ed4E862860beD51a9570b96d89aF5E1B0Efefed,DEGEN,base:0xc9034c3E7F58003E6ae0C8438e7c8f4598d5ACAA,Research Candidate,2026-05-15T11:30:50+00:00,93.0,Tradable Research Candidate,"Small-move research: 5-30% possible range, not promised.",8h,-15.450530035335685,-2.031802120141346,-15.450530035335685,1137089.1,5419767.33,0.47523219814241485,20608.0013979575,0.04,20.0,69.0,70.0,49.0,5.0,40.85,89.85562169226668,66.79470500443051,"[""deep_liquidity"",""strong_real_volume"",""acceptable_buy_pressure"",""low_trap_risk"",""not_overextended"",""lower_model_risk"",""good_opportunity_score""]","[""survival_still_weak"",""latest_return_is_negative""]","Research only. If traded manually, use strict risk management; this is not a buy signal.",2026-05-16T04:04:29+00:00
4784,0x10c56F005a379f8eAfc88ff5c3f40d30F0031AC9,SR,base:0x93e7c445d77E6506b77C869C469e4305c15c075B,Watchlist,2026-05-07T19:30:25+00:00,95.0,Tradable Research Candidate,"Small-move research: 5-30% possible range, not promised.",24h,-11.33528415216386,21.59248421376867,-11.33528415216386,271372.15,663586.22,0.6388888888888888,752.2985021297222,-0.18,20.0,60.0,76.0,69.0,15.0,45.15714285714286,95.9918584128843,24.51821407623564,"[""deep_liquidity"",""strong_real_volume"",""balanced_buy_pressure"",""low_trap_risk"",""not_overextended"",""lower_model_risk"",""good_opportunity_score"",""healthy_momentum_pattern""]","[""survival_still_weak"",""volume_retention_weak"",""latest_return_is_negative""]","Research only. If traded manually, use strict risk management; this is not a buy signal.",2026-05-16T04:04:29+00:00
4783,0x10c56F005a379f8eAfc88ff5c3f40d30F0031AC9,SR,base:0x93e7c445d77E6506b77C869C469e4305c15c075B,Research Candidate,2026-05-15T04:19:41+00:00,95.0,Tradable Research Candidate,"Small-move research: 5-30% possible range, not promised.",8h,-1.8247624792640527,9.983411250188512,-1.8247624792640527,262312.1,171634.62,0.7216494845360825,929.1195607744445,0.95,20.0,68.0,92.0,60.0,5.0,56.85,96.64336871993325,152.7395172372567,"[""deep_liquidity"",""enough_real_volume"",""survived_after_detection"",""low_trap_risk"",""not_overextended"",""lower_model_risk"",""good_opportunity_score""]","[""buy_pressure_is_not_balanced""]","Research only. If traded manually, use strict risk management; this is not a buy signal.",2026-05-16T04:04:29+00:00
4782,0x4ed4E862860beD51a9570b96d89aF5E1B0Efefed,DEGEN,base:0xc9034c3E7F58003E6ae0C8438e7c8f4598d5ACAA,Watchlist,2026-05-11T08:38:26+00:00,95.0,Tradable Research Candidate,"Small-move research: 5-30% possible range, not promised.",24h,8.550587599621773,8.550587599621773,2.2288261515601704,821214.01,107734.37,0.8,20509.128057141945,0.29,20.0,62.0,56.0,31.0,5.0,58.35,109.61207298448305,218.49302130787044,"[""deep_liquidity"",""enough_real_volume"",""survived_after_detection"",""low_trap_risk"",""not_overextended"",""lower_model_risk"",""good_opportunity_score""]","[""buy_pressure_is_not_balanced""]","Research only. If traded manually, use strict risk management; this is not a buy signal.",2026-05-16T04:04:29+00:00
4781,0x4ed4E862860beD51a9570b96d89aF5E1B0Efefed,DEGEN,base:0xc9034c3E7F58003E6ae0C8438e7c8f4598d5ACAA,Watchlist,2026-05-12T00:12:31+00:00,98.0,Tradable Research Candidate,"Small-move research: 5-30% possible range, not promised.",24h,-5.271179982217699,2.0703670773529748,-5.271179982217699,889602.6,220101.42,0.6842105263157895,20524.696325405832,0.23,20.0,62.0,56.0,27.0,5.0,50.635714285714286,95.28567812189398,97.41114800622367,"[""deep_liquidity"",""enough_real_volume"",""acceptable_buy_pressure"",""low_trap_risk"",""not_overextended"",""lower_model_risk"",""good_opportunity_score""]","[""survival_still_weak""]","Research only. If traded manually, use strict risk management; this is not a buy signal.",2026-05-16T04:04:29+00:00
4780,0x4ed4E862860beD51a9570b96d89aF5E1B0Efefed,DEGEN,base:0xc9034c3E7F58003E6ae0C8438e7c8f4598d5ACAA,Research Candidate,2026-05-12T15:46:58+00:00,98.0,Tradable Research Candidate,"Small-move research: 5-30% possible range, not promised.",24h,-2.5740197385969554,1.400373432915436,-2.5740197385969554,850196.43,284741.15,0.6923076923076923,20540.27053750611,-1.68,20.0,68.0,62.0,39.0,5.0,50.635714285714286,97.99545382706441,68.43052716476,"[""deep_liquidity"",""enough_real_volume"",""acceptable_buy_pressure"",""low_trap_risk"",""not_overextended"",""lower_model_risk"",""good_opportunity_score""]","[""survival_still_weak""]","Research only. If traded manually, use strict risk management; this is not a buy signal.",2026-05-16T04:04:29+00:00
4779,0x4ed4E862860beD51a9570b96d89aF5E1B0Efefed,DEGEN,base:0xc9034c3E7F58003E6ae0C8438e7c8f4598d5ACAA,Research Candidate,2026-05-15T17:02:01+00:00,100.0,Tradable Research Candidate,"Small-move research: 5-30% possible range, not promised.",8h,-9.287090558766863,-7.793834296724478,-11.502890173410407,1087285.1,4589506.37,0.517910447761194,20613.521209611667,-3.87,20.0,69.0,70.0,49.0,5.0,40.85,91.72476381769602,53.05000568067628,"[""deep_liquidity"",""strong_real_volume"",""balanced_buy_pressure"",""low_trap_risk"",""not_overextended"",""lower_model_risk"",""good_opportunity_score""]","[""survival_still_weak""]","Research only. If traded manually, use strict risk management; this is not a buy signal.",2026-05-16T04:04:29+00:00
4778,0x4ed4E862860beD51a9570b96d89aF5E1B0Efefed,DEGEN,base:0xc9034c3E7F58003E6ae0C8438e7c8f4598d5ACAA,Watchlist,2026-05-12T10:02:01+00:00,100.0,Tradable Research Candidate,"Small-move research: 5-30% possible range, not promised.",24h,-7.54106520657044,-2.8994524639123886,-7.54106520657044,900149.7,235392.08,0.5327868852459017,20534.52119236139,3.09,20.0,61.0,50.0,29.0,5.0,49.35,94.38175339057491,102.51643130898881,"[""deep_liquidity"",""enough_real_volume"",""balanced_buy_pressure"",""low_trap_risk"",""not_overextended"",""lower_model_risk"",""good_opportunity_score""]","[""survival_still_weak""]","Research only. If traded manually, use strict risk management; this is not a buy signal.",2026-05-16T04:04:29+00:00
4777,0x4ed4E862860beD51a9570b96d89aF5E1B0Efefed,DEGEN,base:0xc9034c3E7F58003E6ae0C8438e7c8f4598d5ACAA,Research Candidate,2026-05-15T08:17:55+00:00,100.0,Tradable Research Candidate,"Small-move research: 5-30% possible range, not promised.",8h,-9.344978165938855,-1.1353711790393017,-9.344978165938855,1144410.06,4986627.18,0.5446428571428571,20604.786225842498,0.57,20.0,69.0,70.0,49.0,5.0,49.35,95.00834866830863,92.03628433277021,"[""deep_liquidity"",""strong_real_volume"",""balanced_buy_pressure"",""low_trap_risk"",""not_overextended"",""lower_model_risk"",""good_opportunity_score""]","[""survival_still_weak""]","Research only. If traded manually, use strict risk management; this is not a buy signal.",2026-05-16T04:04:29+00:00
4776,0x4ed4E862860beD51a9570b96d89aF5E1B0Efefed,DEGEN,base:0xc9034c3E7F58003E6ae0C8438e7c8f4598d5ACAA,Research Candidate,2026-05-15T23:13:55+00:00,100.0,Tradable Research Candidate,"Small-move research: 5-30% possible range, not promised.",4h,-0.5071851225697421,-0.5071851225697421,-0.9721048182586678,1015846.25,3375217.88,0.6206896551724138,20619.719628887775,3.04,20.0,73.0,78.0,59.0,5.0,49.35,98.17525929735922,72.13559173252543,"[""deep_liquidity"",""strong_real_volume"",""balanced_buy_pressure"",""low_trap_risk"",""not_overextended"",""lower_model_risk"",""good_opportunity_score""]","[""survival_still_weak""]","Research only. If traded manually, use strict risk management; this is not a buy signal.",2026-05-16T04:04:29+00:00
4775,0x4ed4E862860beD51a9570b96d89aF5E1B0Efefed,DEGEN,base:0xc9034c3E7F58003E6ae0C8438e7c8f4598d5ACAA,Research Candidate,2026-05-15T20:35:47+00:00,100.0,Tradable Research Candidate,"Small-move research: 5-30% possible range, not promised.",4h,-1.6194754989029336,-1.1075122766691092,-4.022568174694385,1021738.48,3620117.6,0.475177304964539,20617.083942974725,-2.36,20.0,69.0,70.0,49.0,5.0,49.35,97.60909562689662,67.2556435735679,"[""deep_liquidity"",""strong_real_volume"",""acceptable_buy_pressure"",""low_trap_risk"",""not_overextended"",""lower_model_risk"",""good_opportunity_score""]","[""survival_still_weak""]","Research only. If traded manually, use strict risk management; this is not a buy signal.",2026-05-16T04:04:29+00:00
4774,0x4ed4E862860beD51a9570b96d89aF5E1B0Efefed,DEGEN,base:0xc9034c3E7F58003E6ae0C8438e7c8f4598d5ACAA,Watchlist,2026-05-11T23:13:18+00:00,100.0,Tradable Research Candidate,"Small-move research: 5-30% possible range, not promised.",24h,-5.066191446028512,0.2163951120162988,-5.066191446028512,888142.75,225333.64,0.4875,20523.709413053613,-1.33,20.0,58.0,44.0,26.0,5.0,51.92142857142857,95.44230023833443,95.14927287377064,"[""deep_liquidity"",""enough_real_volume"",""balanced_buy_pressure"",""low_trap_risk"",""not_overextended"",""lower_model_risk"",""good_opportunity_score""]","[""survival_still_weak""]","Research only. If traded manually, use strict risk management; this is not a buy signal.",2026-05-16T04:04:29+00:00
4773,0x4ed4E862860beD51a9570b96d89aF5E1B0Efefed,DEGEN,base:0xc9034c3E7F58003E6ae0C8438e7c8f4598d5ACAA,Research Candidate,2026-05-15T18:56:45+00:00,100.0,Tradable Research Candidate,"Small-move research: 5-30% possible range, not promised.",8h,-0.664627070366075,0.9705665154552179,-3.0910433590041198,1014576.25,3934010.48,0.5862068965517241,20615.433482513887,-4.49,20.0,73.0,78.0,59.0,5.0,53.85,98.2981505825708,61.88934682248228,"[""deep_liquidity"",""strong_real_volume"",""balanced_buy_pressure"",""low_trap_risk"",""not_overextended"",""lower_model_risk"",""good_opportunity_score""]","[""survival_still_weak""]","Research only. If traded manually, use strict risk management; this is not a buy signal.",2026-05-16T04:04:29+00:00
4772,0x10c56F005a379f8eAfc88ff5c3f40d30F0031AC9,SR,base:0x93e7c445d77E6506b77C869C469e4305c15c075B,Research Candidate,2026-05-09T17:14:32+00:00,100.0,Tradable Research Candidate,"Small-move research: 5-30% possible range, not promised.",24h,4.52397029034437,6.6171505739365255,-6.3740715732613085,296688.76,254728.82,0.5370370370370371,798.0336426891668,32.22,20.0,74.0,89.0,70.0,5.0,54.49285714285715,101.71850123341375,97.75806286858314,"[""deep_liquidity"",""enough_real_volume"",""balanced_buy_pressure"",""low_trap_risk"",""not_overextended"",""lower_model_risk"",""good_opportunity_score"",""healthy_momentum_pattern""]","[""survival_still_weak""]","Research only. If traded manually, use strict risk management; this is not a buy signal.",2026-05-16T04:04:29+00:00
4771,0x10c56F005a379f8eAfc88ff5c3f40d30F0031AC9,SR,base:0x93e7c445d77E6506b77C869C469e4305c15c075B,Research Candidate,2026-05-09T18:07:27+00:00,100.0,Tradable Research Candidate,"Small-move research: 5-30% possible range, not promised.",24h,12.011930585683306,12.011930585683306,-0.6236442516268981,296754.48,246266.25,0.5657894736842105,798.9157382144444,-0.18,20.0,65.0,88.0,57.0,5.0,55.77857142857143,105.44766164945514,102.55684244186934,"[""deep_liquidity"",""enough_real_volume"",""balanced_buy_pressure"",""survived_after_detection"",""low_trap_risk"",""not_overextended"",""lower_model_risk"",""good_opportunity_score""]","[""risk_still_exists""]","Research only. If traded manually, use strict risk management; this is not a buy signal.",2026-05-16T04:04:29+00:00
4770,0x10c56F005a379f8eAfc88ff5c3f40d30F0031AC9,SR,base:0x93e7c445d77E6506b77C869C469e4305c15c075B,Research Candidate,2026-05-09T19:35:41+00:00,100.0,Tradable Research Candidate,"Small-move research: 5-30% possible range, not promised.",24h,3.3697135061391714,7.708049113233284,-5.252387448840379,296912.52,226264.7,0.6767676767676768,800.386237865,-1.06,20.0,71.0,92.0,60.0,5.0,55.77857142857143,99.33723239424191,118.9460220706102,"[""deep_liquidity"",""enough_real_volume"",""acceptable_buy_pressure"",""survived_after_detection"",""low_trap_risk"",""not_overextended"",""lower_model_risk"",""good_opportunity_score""]","[""risk_still_exists""]","Research only. If traded manually, use strict risk management; this is not a buy signal.",2026-05-16T04:04:29+00:00
4769,0x10c56F005a379f8eAfc88ff5c3f40d30F0031AC9,SR,base:0x93e7c445d77E6506b77C869C469e4305c15c075B,Paper Trade Candidate,2026-05-10T18:09:26+00:00,100.0,Tradable Research Candidate,"Small-move research: 5-30% possible range, not promised.",24h,14.475913822319031,14.475913822319031,-9.767610748002909,312920.66,252562.89,0.6626506024096386,822.9486408763888,6.75,20.0,78.0,100.0,68.0,5.0,55.77857142857143,104.59261782203835,115.11390291740801,"[""deep_liquidity"",""enough_real_volume"",""acceptable_buy_pressure"",""survived_after_detection"",""low_trap_risk"",""not_overextended"",""lower_model_risk"",""good_opportunity_score"",""healthy_momentum_pattern""]","[""risk_still_exists""]","Research only. If traded manually, use strict risk management; this is not a buy signal.",2026-05-16T04:04:29+00:00
4768,0x4ed4E862860beD51a9570b96d89aF5E1B0Efefed,DEGEN,base:0xc9034c3E7F58003E6ae0C8438e7c8f4598d5ACAA,Watchlist,2026-05-11T18:06:40+00:00,100.0,Tradable Research Candidate,"Small-move research: 5-30% possible range, not promised.",24h,-4.202972834443875,3.9979497693490407,-4.202972834443875,856814.48,163827.17,0.6046511627906976,20518.598800774445,1.92,20.0,62.0,52.0,31.0,5.0,55.77857142857143,99.09574590756216,159.1199432914577,"[""deep_liquidity"",""enough_real_volume"",""balanced_buy_pressure"",""survived_after_detection"",""low_trap_risk"",""not_overextended"",""lower_model_risk"",""good_opportunity_score""]","[""risk_still_exists""]","Research only. If traded manually, use strict risk management; this is not a buy signal.",2026-05-16T04:04:29+00:00
4767,0x4ed4E862860beD51a9570b96d89aF5E1B0Efefed,DEGEN,base:0xc9034c3E7F58003E6ae0C8438e7c8f4598d5ACAA,Watchlist,2026-05-13T10:44:41+00:00,100.0,Tradable Research Candidate,"Small-move research: 5-30% possible range, not promised.",24h,0.7137085914354913,0.7137085914354913,-1.7506059789927364,849028.6,241480.55,0.45871559633027525,20559.232395151113,-1.87,20.0,61.0,50.0,29.0,5.0,55.77857142857143,100.14487026703223,45.105334570424,"[""deep_liquidity"",""enough_real_volume"",""acceptable_buy_pressure"",""survived_after_detection"",""low_trap_risk"",""not_overextended"",""lower_model_risk"",""good_opportunity_score""]","[""risk_still_exists""]","Research only. If traded manually, use strict risk management; this is not a buy signal.",2026-05-16T04:04:29+00:00
4766,0xb66e76F9Ed3e13F24C5b68F68BE631CD82AffbA3,VVVKernel,base:0xef9d90806b051a68d8ffbdfdceb6acdd7491180562651dd2bcaf0c4d2fe550da,Research Candidate,2026-05-15T20:35:47+00:00,100.0,Tradable Research Candidate,"Small-move research: 5-30% possible range, not promised.",4h,78.18066157760815,78.18066157760815,-10.87786259541984,101264.99,388431.69,0.3893805309734513,145.71783186361108,16.06,20.0,65.0,86.0,69.0,15.0,56.9,143.22352670947777,151.7464834035555,"[""enough_liquidity"",""enough_real_volume"",""survived_after_detection"",""low_trap_risk"",""not_overextended"",""old_enough_to_observe"",""lower_model_risk"",""good_opportunity_score"",""healthy_momentum_pattern""]","[""buy_pressure_is_not_balanced""]","Research only. If traded manually, use strict risk management; this is not a buy signal.",2026-05-16T04:04:29+00:00
4765,0x797f214a2CD64a4963A91Fa21c8C55Ec3EBa4714,SIBYL,base:0x43447F02AdA550929F1F0619471a8F8dba173243,Watchlist,2026-05-14T10:36:02+00:00,100.0,Tradable Research Candidate,"Small-move research: 5-30% possible range, not promised.",24h,-8.477011494252872,13.864942528735625,-8.477011494252872,235836.04,108577.14,0.5555555555555556,1357.0660424219445,0.32,20.0,61.0,84.0,53.0,5.0,57.06428571428572,97.2222354140614,52.28345487825522,"[""enough_liquidity"",""enough_real_volume"",""balanced_buy_pressure"",""survived_after_detection"",""low_trap_risk"",""not_overextended"",""lower_model_risk"",""good_opportunity_score""]","[""risk_still_exists""]","Research only. If traded manually, use strict risk management; this is not a buy signal.",2026-05-16T04:04:29+00:00
4764,0x10c56F005a379f8eAfc88ff5c3f40d30F0031AC9,SR,base:0x93e7c445d77E6506b77C869C469e4305c15c075B,Watchlist,2026-05-07T21:16:07+00:00,100.0,Tradable Research Candidate,"Small-move research: 5-30% possible range, not promised.",24h,-9.009009009009016,24.782677414256348,-9.009009009009016,266416.28,670096.33,0.5833333333333334,754.0600983280556,0.88,20.0,57.0,70.0,60.0,15.0,57.3,97.77749693074311,24.28001508380146,"[""deep_liquidity"",""strong_real_volume"",""balanced_buy_pressure"",""survived_after_detection"",""low_trap_risk"",""not_overextended"",""lower_model_risk"",""good_opportunity_score""]","[""volume_retention_weak""]","Research only. If traded manually, use strict risk management; this is not a buy signal.",2026-05-16T04:04:29+00:00
4763,0x10c56F005a379f8eAfc88ff5c3f40d30F0031AC9,SR,base:0x93e7c445d77E6506b77C869C469e4305c15c075B,Watchlist,2026-05-07T15:12:09+00:00,100.0,Tradable Research Candidate,"Small-move research: 5-30% possible range, not promised.",24h,-1.5897435897435974,34.95726495726495,-1.5897435897435974,258303.11,658736.1,0.5882352941176471,747.9939264811111,-10.91,20.0,63.0,73.0,67.0,15.0,57.3,100.84863864008453,24.69873595814773,"[""deep_liquidity"",""strong_real_volume"",""balanced_buy_pressure"",""survived_after_detection"",""low_trap_risk"",""lower_model_risk"",""good_opportunity_score"",""healthy_momentum_pattern""]","[""volume_retention_weak""]","Research only. If traded manually, use strict risk management; this is not a buy signal.",2026-05-16T04:04:29+00:00
4762,0x4ed4E862860beD51a9570b96d89aF5E1B0Efefed,DEGEN,base:0xc9034c3E7F58003E6ae0C8438e7c8f4598d5ACAA,Research Candidate,2026-05-16T00:09:34+00:00,100.0,Tradable Research Candidate,"Small-move research: 5-30% possible range, not promised.",2h,0.46948356807512415,0.46948356807512415,0.46948356807512415,1009041.26,3209024.21,0.464,20620.647104994998,-0.38,20.0,69.0,66.0,49.0,5.0,58.35,98.83735477774218,75.87145595264924,"[""deep_liquidity"",""strong_real_volume"",""acceptable_buy_pressure"",""survived_after_detection"",""low_trap_risk"",""not_overextended"",""lower_model_risk"",""good_opportunity_score""]","[""risk_still_exists""]","Research only. If traded manually, use strict risk management; this is not a buy signal.",2026-05-16T04:04:29+00:00
4761,0x4ed4E862860beD51a9570b96d89aF5E1B0Efefed,DEGEN,base:0xc9034c3E7F58003E6ae0C8438e7c8f4598d5ACAA,Research Candidate,2026-05-15T22:12:43+00:00,100.0,Tradable Research Candidate,"Small-move research: 5-30% possible range, not promised.",4h,2.5038101458741524,3.037230568256044,2.5038101458741524,989851.15,3460981.07,0.6296296296296297,20618.69960581861,-0.28,20.0,68.0,68.0,56.0,5.0,58.35,100.75350117035273,70.34807012105387,"[""deep_liquidity"",""strong_real_volume"",""balanced_buy_pressure"",""survived_after_detection"",""low_trap_risk"",""not_overextended"",""lower_model_risk"",""good_opportunity_score""]","[""risk_still_exists""]","Research only. If traded manually, use strict risk management; this is not a buy signal.",2026-05-16T04:04:29+00:00
4760,0x4ed4E862860beD51a9570b96d89aF5E1B0Efefed,DEGEN,base:0xc9034c3E7F58003E6ae0C8438e7c8f4598d5ACAA,Watchlist,2026-05-13T22:40:10+00:00,100.0,Tradable Research Candidate,"Small-move research: 5-30% possible range, not promised.",24h,40.83539433910415,40.83539433910415,-0.2473206924979432,831293.67,179067.45,0.45454545454545453,20571.157024579723,-0.24,20.0,55.0,44.0,22.0,5.0,60.885714285714286,125.32298122756065,1725.991183769021,"[""deep_liquidity"",""enough_real_volume"",""acceptable_buy_pressure"",""survived_after_detection"",""low_trap_risk"",""not_overextended"",""lower_model_risk"",""good_opportunity_score""]","[""risk_still_exists""]","Research only. If traded manually, use strict risk management; this is not a buy signal.",2026-05-16T04:04:29+00:00
4759,0x4ed4E862860beD51a9570b96d89aF5E1B0Efefed,DEGEN,base:0xc9034c3E7F58003E6ae0C8438e7c8f4598d5ACAA,Research Candidate,2026-05-15T00:12:23+00:00,100.0,Tradable Research Candidate,"Small-move research: 5-30% possible range, not promised.",24h,-11.085930122757325,16.619452313503302,-11.085930122757325,1082370.49,3289123.78,0.46950092421441775,20596.693981294724,3.24,20.0,69.0,70.0,49.0,5.0,61.6,92.14124915767059,74.0237690294526,"[""deep_liquidity"",""strong_real_volume"",""acceptable_buy_pressure"",""survived_after_detection"",""low_trap_risk"",""not_overextended"",""lower_model_risk"",""good_opportunity_score""]","[""latest_return_is_negative""]","Research only. If traded manually, use strict risk management; this is not a buy signal.",2026-05-16T04:04:29+00:00
4758,0x10c56F005a379f8eAfc88ff5c3f40d30F0031AC9,SR,base:0x93e7c445d77E6506b77C869C469e4305c15c075B,Research Candidate,2026-05-07T17:12:28+00:00,100.0,Tradable Research Candidate,"Small-move research: 5-30% possible range, not promised.",24h,1.51648739199437,39.217069299947084,1.51648739199437,252670.08,659530.38,0.6454545454545455,749.9991726705556,8.89,20.0,73.0,85.0,80.0,15.0,62.442857142857136,103.09695948170834,24.668990987193038,"[""deep_liquidity"",""strong_real_volume"",""balanced_buy_pressure"",""survived_after_detection"",""low_trap_risk"",""not_overextended"",""lower_model_risk"",""good_opportunity_score"",""healthy_momentum_pattern""]","[""volume_retention_weak""]","Research only. If traded manually, use strict risk management; this is not a buy signal.",2026-05-16T04:04:29+00:00
4757,0x10c56F005a379f8eAfc88ff5c3f40d30F0031AC9,SR,base:0x93e7c445d77E6506b77C869C469e4305c15c075B,Research Candidate,2026-05-10T17:15:12+00:00,100.0,Tradable Research Candidate,"Small-move research: 5-30% possible range, not promised.",24h,33.85012919896639,33.85012919896639,-3.165374677002586,301787.36,249017.96,0.6896551724137931,822.0448795911111,-3.83,20.0,68.0,92.0,60.0,5.0,66.02857142857142,113.00305619161783,107.93571676516827,"[""deep_liquidity"",""enough_real_volume"",""acceptable_buy_pressure"",""survived_after_detection"",""low_trap_risk"",""not_overextended"",""lower_model_risk"",""good_opportunity_score""]","[""risk_still_exists""]","Research only. If traded manually, use strict risk management; this is not a buy signal.",2026-05-16T04:04:29+00:00
4756,0x4ed4E862860beD51a9570b96d89aF5E1B0Efefed,DEGEN,base:0xc9034c3E7F58003E6ae0C8438e7c8f4598d5ACAA,Watchlist,2026-05-13T16:34:20+00:00,100.0,Tradable Research Candidate,"Small-move research: 5-30% possible range, not promised.",24h,78.91854893908281,78.91854893908281,-0.6160164271047264,833153.85,194849.87,0.68,20565.059757204723,-0.72,20.0,62.0,56.0,27.0,5.0,67.88571428571427,154.0192126580223,1100.162366030832,"[""deep_liquidity"",""enough_real_volume"",""acceptable_buy_pressure"",""survived_after_detection"",""low_trap_risk"",""not_overextended"",""lower_model_risk"",""good_opportunity_score""]","[""risk_still_exists""]","Research only. If traded manually, use strict risk management; this is not a buy signal.",2026-05-16T04:04:29+00:00
4755,0xdE7C47527D3778e5dB7EB2abB97C19511e44c1CE,Wasabot,base:0x47a763f95f130f5e2e40914e53fed45b98800d98b0ea7220c0396db82c59c7e8,Research Candidate,2026-05-14T04:16:38+00:00,100.0,Tradable Research Candidate,"Small-move research: 5-30% possible range, not promised.",24h,27.00320512820513,27.00320512820513,16.74679487179487,83522.08,523793.64,0.5993103448275862,1.1698688711111112,8.81,30.0,70.0,99.0,100.0,5.0,73.1,116.62390352347546,182.83083200475667,"[""strong_real_volume"",""balanced_buy_pressure"",""strong_post_detection_survival"",""low_trap_risk"",""not_overextended"",""lower_model_risk"",""good_opportunity_score"",""healthy_momentum_pattern""]","[""liquidity_is_only_moderate"",""still_young""]","Research only. If traded manually, use strict risk management; this is not a buy signal.",2026-05-16T04:04:29+00:00
4754,0x10c56F005a379f8eAfc88ff5c3f40d30F0031AC9,SR,base:0x93e7c445d77E6506b77C869C469e4305c15c075B,Watchlist,2026-05-07T16:12:22+00:00,100.0,Tradable Research Candidate,"Small-move research: 5-30% possible range, not promised.",24h,11.721327382107516,53.2117213273821,11.721327382107516,240436.13,656701.52,0.6067415730337079,748.9975958447221,-11.91,20.0,60.0,73.0,67.0,15.0,73.3,108.34277277711965,24.77525710615075,"[""enough_liquidity"",""strong_real_volume"",""balanced_buy_pressure"",""strong_post_detection_survival"",""low_trap_risk"",""lower_model_risk"",""good_opportunity_score"",""healthy_momentum_pattern""]","[""volume_retention_weak""]","Research only. If traded manually, use strict risk management; this is not a buy signal.",2026-05-16T04:04:29+00:00
4753,0x4ed4E862860beD51a9570b96d89aF5E1B0Efefed,DEGEN,base:0xc9034c3E7F58003E6ae0C8438e7c8f4598d5ACAA,Watchlist,2026-05-14T13:06:30+00:00,100.0,Tradable Research Candidate,"Small-move research: 5-30% possible range, not promised.",24h,48.28185586308329,74.75598342024334,4.559433079288677,850258.59,108920.61,0.5396825396825397,20585.595970471943,1.41,20.0,58.0,44.0,26.0,5.0,78.81428571428572,131.137971802202,5300.913031978062,"[""deep_liquidity"",""enough_real_volume"",""balanced_buy_pressure"",""strong_post_detection_survival"",""low_trap_risk"",""not_overextended"",""lower_model_risk"",""good_opportunity_score""]","[""risk_still_exists""]","Research only. If traded manually, use strict risk management; this is not a buy signal.",2026-05-16T04:04:29+00:00
4752,0x840942F13A6AaBB4a533aE348E9CB00E1F689d36,AUTONO,base:0xdab4e9f0024f414d3b86cfd17025541787cbd636ef235d683386d879e9f6977f,Watchlist,2026-05-14T10:36:02+00:00,100.0,Tradable Research Candidate,"Small-move research: 5-30% possible range, not promised.",24h,-9.398440947198106,72.81953228415942,-9.398440947198106,225793.2,3126953.77,0.5800214822771214,3.0688201997222224,-32.26,30.0,64.0,92.0,87.0,15.0,79.26428571428572,94.9127210208279,182.0807456325138,"[""enough_liquidity"",""strong_real_volume"",""balanced_buy_pressure"",""strong_post_detection_survival"",""low_trap_risk"",""old_enough_to_observe"",""lower_model_risk"",""good_opportunity_score"",""healthy_momentum_pattern""]","[""falling_at_detection""]","Research only. If traded manually, use strict risk management; this is not a buy signal.",2026-05-16T04:04:29+00:00
4751,0x4ed4E862860beD51a9570b96d89aF5E1B0Efefed,DEGEN,base:0xc9034c3E7F58003E6ae0C8438e7c8f4598d5ACAA,Watchlist,2026-05-14T15:35:03+00:00,100.0,Tradable Research Candidate,"Small-move research: 5-30% possible range, not promised.",24h,32.736572890025585,67.13554987212275,32.736572890025585,882917.64,110786.47,0.47560975609756095,20588.071906247776,3.17,20.0,58.0,44.0,26.0,5.0,86.52857142857142,123.14683167956642,4142.659631631914,"[""deep_liquidity"",""enough_real_volume"",""acceptable_buy_pressure"",""strong_post_detection_survival"",""low_trap_risk"",""not_overextended"",""lower_model_risk"",""good_opportunity_score""]","[""risk_still_exists""]","Research only. If traded manually, use strict risk management; this is not a buy signal.",2026-05-16T04:04:29+00:00
